Actual_High_Emitter,Predicted_High_Emitter,Emission_Risk_Score,Actual_CO2_gkm,Predicted_CO2_gkm
0.0,0.0,3.2148862e-05,209.9999994635582,216.2573477625847
0.0,0.0,1.5721316e-05,224.9999983906746,208.4605461359024
0.0,0.0,7.506304e-06,196.99999997019768,204.2482863664627
1.0,1.0,0.86174273,290.00000220537186,280.2084127664566
0.0,0.0,1.8398043e-05,218.9999937415123,206.70028764009476
0.0,0.0,0.00013096497,227.00000417232513,218.5212863087654
0.0,0.0,0.0028486508,251.99999392032623,248.7889494895935
1.0,1.0,0.9999999,419.00000059604645,381.1608098745346
1.0,1.0,0.99772316,305.99999767541885,307.62363678216934
1.0,1.0,0.99999535,370.9999887943268,355.90499997138977
0.0,0.0,0.00018870585,243.99999618530273,232.5008865594864
0.0,0.0,4.433787e-06,184.00000047683716,196.93478804826736
0.0,0.0,9.100944e-07,202.9999982714653,199.32401499152184
0.0,0.0,0.436163,273.9999940395355,269.79714184999466
0.0,0.0,3.9519914e-06,200.00000229477882,199.24279367923737
0.0,0.0,0.00021569304,235.00000190734863,228.52577143907547
1.0,1.0,0.9999207,326.9999885559082,333.39320719242096
0.0,0.0,1.5811991e-06,209.0000029206276,199.43620133399963
0.0,0.0,1.312991e-06,200.00000229477882,201.27672895789146
0.0,0.0,0.0001513079,231.9999995827675,222.6280059814453
1.0,1.0,0.94251597,305.00000113248825,288.6204523444176
0.0,0.0,0.00012069647,246.00000196695328,229.76226514577866
0.0,0.0,0.022648739,257.9999985694885,252.45520144701004
1.0,1.0,0.99999964,420.99999368190765,377.2744256258011
0.0,0.0,0.015607916,256.0000054836273,249.73377013206482
0.0,0.0,6.851736e-07,184.00000047683716,195.24640676379204
1.0,1.0,0.999838,338.9999978542328,327.94133055210114
1.0,1.0,0.87350285,280.9999952316284,280.7813483476639
0.0,0.0,4.422533e-06,198.00000286102295,207.91392892599106
1.0,1.0,0.9999994,401.00001204013824,371.64163398742676
1.0,1.0,0.9987978,337.0000047683716,314.25262892246246
0.0,0.0,3.826167e-06,176.00000274181366,198.52113962173462
1.0,1.0,0.99999654,382.00000154972076,358.8714473247528
0.0,0.0,1.4744919e-07,167.9999986588955,184.0613465309143
1.0,1.0,0.99999774,360.9999979734421,361.1043827533722
0.0,0.0,7.528639e-05,229.99999380111694,215.14895457029343
1.0,1.0,0.8935338,287.9999964237213,280.74878364801407
0.0,1.0,0.8001101,275.00000327825546,280.4765605330467
0.0,0.0,0.013259267,254.99999624490738,252.1894404888153
0.0,0.0,0.0001713871,249.00000429153442,231.47599357366562
0.0,0.0,3.056093e-05,189.00000223517418,208.25084978342056
0.0,0.0,0.00018119835,234.00000536441803,233.57686740159988
1.0,1.0,0.9999752,338.0000013113022,342.8860012292862
0.0,0.0,0.0927303,260.00000435113907,264.0010823607445
0.0,0.0,0.0001329974,242.00000309944153,228.15143609046936
1.0,1.0,0.5739712,279.9999986886978,273.1025921702385
0.0,0.0,2.2542815e-06,178.99999871850014,192.47506830096245
0.0,0.0,2.8026176e-07,187.0000028014183,196.9872089624405
0.0,0.0,1.8350838e-05,220.00000298023224,210.89060908555984
1.0,1.0,0.9606381,294.0000010728836,286.2118706703186
1.0,1.0,0.9981262,326.9999885559082,310.0687823295593
1.0,1.0,0.9958306,309.0,302.4457987546921
0.0,0.0,0.00011234663,242.00000309944153,232.69883930683136
0.0,0.0,0.00021841629,238.00000423192978,224.80020475387573
0.0,0.0,0.18642727,275.00000327825546,267.0925451517105
0.0,0.0,0.012926756,264.9999997615814,258.1053228378296
1.0,1.0,0.99948657,339.9999943971634,320.15683114528656
1.0,1.0,0.6187549,279.9999986886978,274.91222459077835
0.0,0.0,1.9335023e-06,205.00000405311584,202.5747274160385
0.0,0.0,0.047159262,269.9999951720238,260.895895421505
0.0,0.0,1.8778796e-07,182.9999975860119,183.50078934431076
1.0,1.0,0.9631093,305.99999767541885,290.1912134885788
0.0,0.0,1.3270638e-06,191.99999821186066,197.94998145103455
0.0,0.0,7.9313315e-05,207.99999368190765,208.35542500019073
0.0,0.0,3.1193642e-05,193.00000110268593,203.66379761695862
0.0,0.0,1.0869181e-05,220.99999952316284,212.17030656337738
0.0,0.0,0.19707386,275.00000327825546,268.27306312322617
0.0,0.0,2.3812991e-07,191.99999821186066,183.71678280830383
0.0,0.0,1.4900102e-06,193.00000110268593,199.31741952896118
1.0,1.0,0.99480826,298.99999648332596,300.80717861652374
0.0,0.0,2.1812314e-06,176.00000274181366,204.4497304558754
1.0,1.0,0.99280554,315.0000046491623,299.3516825437546
0.0,0.0,0.00052429346,228.00000071525574,223.28665083646774
0.0,0.0,0.0012845638,249.00000429153442,236.11511117219925
1.0,1.0,0.9999993,389.00000274181366,370.49997782707214
1.0,1.0,0.7044023,287.9999964237213,277.04713582992554
1.0,1.0,0.99995005,331.9999966621399,337.0023661851883
0.0,0.0,0.0023928143,253.99999970197678,248.10802352428436
0.0,0.0,6.8826927e-07,214.99999487400055,201.66836866736412
0.0,0.0,2.72581e-06,171.99999752640724,191.32474726438522
0.0,0.0,5.4498037e-06,213.99999833106995,204.21169710159302
0.0,0.0,0.006104302,247.99999505281448,241.60861730575562
0.0,0.0,5.2288766e-07,173.0000004172325,187.18270155787468
0.0,0.0,0.000544849,245.00000542402267,238.3398324251175
1.0,1.0,0.8375575,286.0000033378601,280.4200769662857
0.0,0.0,1.0148615e-05,213.99999833106995,212.77481657266617
1.0,1.0,0.8935338,286.9999998807907,280.74878364801407
0.0,0.0,2.4550843e-06,213.00000178813934,206.4332190155983
0.0,0.0,7.056488e-07,187.9999993443489,190.86670857667923
0.0,0.0,1.781652e-05,182.00000104308128,207.87110602855682
0.0,0.0,0.0027243437,260.00000435113907,246.93022245168686
0.0,0.0,0.014868139,257.9999985694885,253.4223158955574
1.0,1.0,0.99051595,291.99999529123306,295.49348294734955
0.0,0.0,0.00019182672,242.00000309944153,221.85629242658615
0.0,0.0,0.000114189774,246.99999850988388,229.69430458545685
0.0,0.0,0.0024488624,231.9999995827675,230.33824771642685
0.0,0.0,3.7123723e-07,154.99999916553497,175.98208898305893
0.0,0.0,0.0004130191,231.9999995827675,223.69605195522308
0.0,0.0,0.0018432593,257.0000020265579,245.35901695489883
0.0,0.0,0.0014243725,243.99999618530273,234.92917209863663
1.0,1.0,0.9971722,304.00000458955765,305.5108543038368
0.0,0.0,7.5151256e-05,200.00000229477882,211.64748126268387
1.0,1.0,0.9998054,328.0000104904175,327.2248309850693
0.0,0.0,8.196002e-06,214.99999487400055,204.28561198711395
0.0,0.0,1.7444285e-05,213.99999833106995,217.0003815293312
0.0,0.0,4.4311062e-05,227.00000417232513,210.12524342536926
0.0,0.0,3.938189e-05,182.00000104308128,209.11137038469315
0.0,0.0,0.00013762798,235.99999845027924,220.0558136701584
0.0,0.0,0.011042111,253.00000315904617,252.94118356704712
0.0,0.0,1.2933469e-05,231.00000303983688,217.656893491745
1.0,1.0,0.96010906,300.0000057220459,286.42635333538055
1.0,1.0,0.97851515,294.9999976158142,289.79158812761307
0.0,0.0,5.576637e-06,180.0000016093254,197.8317646086216
1.0,1.0,0.9783432,297.00000339746475,290.3737662434578
0.0,0.0,1.7324866e-05,239.99999731779099,217.20352685451508
0.0,0.0,4.7630036e-07,176.99999928474426,186.11844527721405
0.0,0.0,0.0013065633,242.99999964237213,240.6112487912178
0.0,0.0,0.00061074895,236.99999499320984,240.0864810347557
0.0,0.0,2.5918547e-05,235.00000190734863,221.6649414896965
1.0,1.0,0.55160886,278.0000056028366,272.6428522467613
0.0,0.0,1.0482412e-05,178.00000217556953,198.6100990176201
1.0,1.0,0.99967635,331.0000001192093,322.6279649734497
1.0,1.0,0.97659874,305.00000113248825,290.0475098490715
1.0,1.0,0.99932766,305.99999767541885,316.45352017879486
0.0,0.0,2.6443418e-05,224.9999983906746,219.154971241951
0.0,0.0,0.0035017324,247.99999505281448,250.0634416937828
1.0,1.0,0.9999993,419.99999713897705,370.55622017383575
0.0,0.0,7.592293e-05,229.99999380111694,222.08159190416336
0.0,0.0,4.0982068e-05,216.0000041127205,203.6717832684517
0.0,0.0,0.044893898,261.9999974370003,261.3854831457138
1.0,1.0,0.999913,329.0000070333481,333.5920740365982
0.0,0.0,4.339538e-06,206.99999713897705,199.26475104689598
1.0,1.0,0.9813595,295.9999941587448,291.2213879227638
0.0,0.0,0.20284368,273.9999940395355,267.27371406555176
1.0,1.0,0.6962895,283.00000101327896,278.334323823452
0.0,0.0,2.305109e-05,220.00000298023224,218.76472806930542
0.0,0.0,3.020804e-07,185.99999991059303,193.77632322907448
0.0,0.0,2.1374574e-07,196.99999997019768,189.73949387669563
0.0,0.0,0.00012426186,220.99999952316284,217.75658082962036
1.0,1.0,0.99980277,343.0000094175339,327.8878812789917
1.0,1.0,0.99932766,305.99999767541885,316.45352017879486
0.0,0.0,2.1715636e-05,189.99999877810478,206.46700251102448
0.0,0.0,0.010346788,247.99999505281448,245.04430103302002
0.0,0.0,4.7680032e-06,198.00000286102295,202.7375255227089
0.0,0.0,3.724608e-05,235.00000190734863,218.57118076086044
0.0,0.0,2.8050852e-06,173.99999696016312,183.0027017891407
0.0,0.0,0.00011588983,217.9999971985817,206.35237222909927
1.0,1.0,0.99482006,311.9999896287918,301.1916832923889
1.0,1.0,0.9909328,283.00000101327896,295.90850830078125
0.0,0.0,5.5376636e-06,195.9999970793724,208.30210268497467
0.0,0.0,5.572108e-06,224.9999983906746,209.9666857123375
1.0,1.0,0.9874402,306.99999421834946,293.5345099568367
1.0,1.0,0.9998054,328.0000104904175,327.2248309850693
0.0,0.0,2.5635989e-06,217.0000006556511,198.738180488348
0.0,0.0,2.3038694e-05,218.9999937415123,218.295339345932
0.0,0.0,1.9792972e-06,209.0000029206276,199.7046030163765
1.0,1.0,0.99547285,305.99999767541885,302.26009744405746
0.0,0.0,6.299556e-05,235.00000190734863,226.2321628332138
0.0,0.0,5.440812e-07,203.9999948143959,191.68457132577896
0.0,0.0,1.375787e-05,198.99999940395355,210.42723816633224
1.0,1.0,0.9989209,321.0000092983246,313.6817754507065
0.0,0.0,1.2617435e-05,176.99999928474426,199.83912125229836
0.0,0.0,0.03450456,264.0000032186508,261.0582364797592
1.0,0.0,0.27286112,278.0000056028366,268.3794030547142
1.0,1.0,0.87189853,287.9999964237213,283.5617769956589
0.0,0.0,4.7331992e-05,200.00000229477882,222.66737562417984
1.0,1.0,0.99999714,388.00000619888306,359.5371891260147
0.0,0.0,6.8690184e-05,228.00000071525574,215.64793717861176
0.0,0.0,0.004592388,253.00000315904617,242.63198679685593
0.0,0.0,0.000474066,221.99999606609344,227.12788885831833
0.0,0.0,2.298092e-05,174.9999998509884,193.54312697052956
0.0,0.0,0.002277582,250.99999737739563,242.89429450035095
1.0,1.0,0.8336985,278.0000056028366,279.59886252880096
0.0,0.0,0.011658899,264.9999997615814,256.50305074453354
1.0,0.0,0.42862955,283.00000101327896,269.6203783750534
0.0,0.0,2.979768e-07,196.99999997019768,193.1323547065258
0.0,0.0,0.009323625,254.99999624490738,251.18374353647232
0.0,0.0,0.0035800745,250.99999737739563,241.93773025274277
0.0,0.0,7.4756276e-06,220.99999952316284,201.3044629096985
0.0,0.0,5.1938398e-05,225.9999949336052,226.05350768566132
0.0,0.0,0.00028463625,253.00000315904617,220.2033514380455
1.0,1.0,0.965895,297.00000339746475,286.7576499581337
0.0,0.0,4.5734327e-05,220.99999952316284,215.30120247602463
1.0,1.0,0.9999945,372.00001072883606,354.5874309539795
1.0,1.0,0.99989796,331.0000001192093,331.9480962753296
0.0,0.0,5.2045516e-06,187.0000028014183,202.85285407304764
0.0,0.0,0.11721549,267.00000554323196,262.3497410416603
1.0,1.0,0.9967277,305.99999767541885,304.6419925689697
0.0,0.0,1.9742616e-05,224.9999983906746,219.54179924726486
1.0,1.0,0.9999975,383.99999463558197,361.1709086894989
0.0,0.0,0.00027988522,239.99999731779099,229.12115317583084
0.0,0.0,0.00010070738,213.00000178813934,214.2741004228592
0.0,0.0,4.347585e-07,158.99999803304672,186.095002502203
0.0,0.0,0.00012230211,236.99999499320984,220.02394723892212
0.0,0.0,6.180618e-05,231.00000303983688,219.22465842962265
1.0,1.0,0.9864153,294.0000010728836,292.6863931417465
0.0,0.0,4.7049912e-07,176.99999928474426,186.11428740620613
1.0,1.0,0.88394064,297.99999994039536,284.3343030810356
0.0,0.0,9.411786e-07,178.99999871850014,189.81217727065086
0.0,0.0,2.1034996e-06,182.00000104308128,196.7935410439968
1.0,1.0,0.9996816,341.9999874830246,327.8374789953232
0.0,0.0,7.040127e-05,234.00000536441803,222.25638753175735
0.0,0.0,2.7241203e-05,203.9999948143959,211.6808077096939
1.0,1.0,0.9771836,298.99999648332596,289.66550624370575
0.0,0.0,0.0027015102,236.99999499320984,236.79076838493347
0.0,0.0,0.0007167096,243.99999618530273,241.44331812858582
1.0,1.0,0.63976884,279.0000021457672,276.84552669525146
0.0,0.0,0.0059156604,254.99999624490738,244.21781784296036
1.0,1.0,0.8935126,279.9999986886978,284.1016908288002
0.0,0.0,0.0002756376,239.99999731779099,234.87734788656235
0.0,0.0,2.3172872e-06,169.99999809265137,181.196878105402
0.0,0.0,8.264842e-05,239.00000077486038,223.06175762414932
0.0,0.0,0.003046162,253.00000315904617,247.61038666963577
0.0,0.0,7.040127e-05,234.00000536441803,222.25638753175735
1.0,1.0,0.9999994,406.99999129772186,371.5416165590286
0.0,0.0,0.016175637,267.00000554323196,250.74256485700607
0.0,0.0,8.3151923e-07,113.99999966472387,171.3028907775879
0.0,0.0,2.6885973e-05,205.00000405311584,213.69518512487411
1.0,1.0,0.999713,341.9999874830246,326.95761001110077
0.0,0.0,9.4833865e-07,167.0000021159649,180.37731412053108
0.0,0.0,1.6477782e-06,158.00000149011612,187.09953778982162
1.0,1.0,0.9933965,310.9999930858612,299.2928121685982
0.0,0.0,2.1878502e-06,184.00000047683716,195.18120753765106
0.0,0.0,1.7680844e-07,120.9999992698431,171.14865598082542
0.0,0.0,3.871305e-06,176.00000274181366,196.66878587007523
0.0,0.0,8.9404716e-07,209.0000029206276,198.79035383462906
0.0,0.0,0.0014350176,242.00000309944153,230.76260447502136
0.0,0.0,0.10858445,264.9999997615814,262.4935462474823
0.0,0.0,0.0026498174,254.99999624490738,244.46960073709488
0.0,0.0,0.0010343316,246.99999850988388,225.02820843458176
0.0,0.0,1.7680844e-07,120.9999992698431,171.14865598082542
0.0,0.0,0.00090362417,253.99999970197678,243.775166451931
0.0,0.0,0.0007692757,249.00000429153442,231.51498234272003
1.0,1.0,0.9980744,323.9999989271164,309.0912573337555
1.0,0.0,0.49330714,278.0000056028366,273.81772059202194
0.0,0.0,0.0007692757,249.00000429153442,231.51498234272003
0.0,0.0,4.535144e-07,191.00000166893005,189.28204554319382
1.0,1.0,0.97689456,297.99999994039536,288.99511778354645
1.0,1.0,0.9925063,309.9999965429306,299.02428352832794
1.0,1.0,0.99994457,344.0000059604645,336.03690218925476
1.0,1.0,0.95135736,298.99999648332596,284.63477432727814
1.0,1.0,0.9992526,335.0000116825104,317.65332305431366
0.0,0.0,0.023958333,264.0000032186508,249.78448981046677
0.0,0.0,0.00015900345,206.99999713897705,223.01814758777618
0.0,0.0,0.0008180934,243.99999618530273,240.66372048854828
0.0,0.0,0.0749691,275.99999982118607,265.2195226550102
1.0,1.0,1.0,449.99999499320984,390.43541407585144
1.0,1.0,0.9511601,295.9999941587448,285.6932095885277
0.0,0.0,4.3165523e-06,227.00000417232513,212.5112646818161
0.0,0.0,5.916499e-07,193.00000110268593,188.53918951749802
1.0,1.0,0.98183984,302.9999953508377,291.002956867218
1.0,1.0,0.99984443,323.9999989271164,328.9748947620392
0.0,0.0,0.3070108,275.00000327825546,268.5607243180275
1.0,1.0,0.9985684,315.0000046491623,311.313579082489
0.0,0.0,0.0896414,257.0000020265579,260.88737654685974
0.0,0.0,1.37823345e-05,229.99999380111694,217.81531155109406
0.0,0.0,3.8878657e-06,184.99999701976776,199.78659877181053
1.0,1.0,0.9999746,361.9999945163727,343.62603878974915
0.0,0.0,3.0472088e-06,206.00000059604645,206.45899146795273
0.0,0.0,0.0019856913,231.00000303983688,244.6980106830597
0.0,0.0,1.7143662e-06,198.00000286102295,200.0604152083397
0.0,0.0,1.7143662e-06,198.00000286102295,200.0604152083397
0.0,0.0,0.049520828,267.00000554323196,257.2643791437149
1.0,1.0,0.99918884,330.0000035762787,316.2486101388931
1.0,0.0,0.27286112,278.0000056028366,268.3794030547142
0.0,0.0,1.283338e-06,191.00000166893005,193.2849898338318
1.0,1.0,0.79499936,289.00000566244125,278.4379595518112
0.0,0.0,2.3362575e-06,178.00000217556953,190.06245571374893
0.0,0.0,9.631011e-07,162.00000035762787,182.0133506655693
1.0,1.0,0.99999166,376.9999934434891,352.1003004312515
0.0,0.0,0.0033332505,245.00000542402267,239.12878686189651
1.0,1.0,0.9925397,283.00000101327896,297.35694551467896
1.0,1.0,0.88525116,280.9999952316284,281.0491914153099
0.0,0.0,7.0849885e-05,162.99999690055847,198.22226804494858
0.0,0.0,4.5095558e-07,178.99999871850014,187.02216964960098
0.0,0.0,4.3574974e-07,182.9999975860119,186.291958630085
1.0,1.0,0.9999926,373.00000727176666,353.3813055753708
0.0,0.0,7.987969e-06,169.99999809265137,203.1975193619728
0.0,0.0,7.528639e-05,229.99999380111694,215.14895457029343
0.0,0.0,0.0006305045,217.9999971985817,228.05760151147842
0.0,0.0,5.0530057e-06,212.00000524520874,208.69093662500381
0.0,0.0,0.007297881,254.99999624490738,251.8538526892662
1.0,1.0,0.99619544,291.99999529123306,302.59092432260513
0.0,0.0,7.366422e-05,162.99999690055847,198.66229140758514
0.0,0.0,0.002017701,253.00000315904617,245.352922976017
0.0,0.0,6.420403e-06,200.00000229477882,205.63731998205185
0.0,0.0,0.0009176579,245.00000542402267,222.2597519159317
0.0,0.0,1.1698267e-05,218.9999937415123,200.9184474349022
1.0,1.0,0.99995136,350.00001060962677,337.39400589466095
0.0,0.0,2.739416e-06,202.0000017285347,203.4198734164238
0.0,0.0,8.642527e-05,240.9999938607216,218.3406125307083
1.0,1.0,0.53287274,286.9999998807907,273.6721887588501
1.0,1.0,0.99994385,369.9999922513962,337.61793422698975
0.0,0.0,0.004398208,261.9999974370003,242.75085747241974
0.0,0.0,0.00014363807,235.00000190734863,221.9358188509941
1.0,1.0,0.9998405,345.9999990463257,329.27705454826355
1.0,0.0,0.37232298,290.00000220537186,270.33920127153397
1.0,1.0,0.99983895,336.000008225441,328.9785257577896
0.0,0.0,4.1704865e-07,167.9999986588955,186.29921427369118
1.0,1.0,0.9999975,383.99999463558197,361.1709086894989
1.0,1.0,0.99985754,350.00001060962677,330.4947838783264
0.0,0.0,0.0006522642,231.9999995827675,219.28168791532516
1.0,1.0,0.99984825,338.9999978542328,328.55804121494293
0.0,0.0,4.4840206e-05,239.99999731779099,225.00940597057343
1.0,1.0,0.99922895,316.0000011920929,315.64472222328186
0.0,0.0,9.6135245e-06,220.99999952316284,213.32988917827606
0.0,0.0,0.000113408896,228.00000071525574,220.78696417808533
0.0,0.0,0.0025868127,246.00000196695328,247.43135064840317
0.0,0.0,4.411341e-06,180.999998152256,196.28333535790443
0.0,0.0,0.0002995024,218.9999937415123,227.85144728422165
0.0,0.0,6.3211905e-06,189.00000223517418,199.94242054224014
0.0,0.0,0.0006339031,242.00000309944153,232.05961900949478
0.0,0.0,0.0001707345,184.99999701976776,205.25219321250916
0.0,0.0,0.04549353,254.99999624490738,260.91566276550293
0.0,0.0,0.0003358182,240.9999938607216,237.89753651618958
0.0,0.0,0.00066622905,209.0000029206276,229.8075510263443
1.0,1.0,0.9980045,305.99999767541885,307.71285009384155
0.0,0.0,4.927182e-05,228.00000071525574,224.3663388490677
1.0,1.0,0.9833108,291.99999529123306,290.97604179382324
1.0,1.0,0.5905821,283.99999755620956,273.9796934723854
0.0,0.0,1.8650023e-06,167.9999986588955,186.65218895673752
0.0,0.0,6.37891e-05,229.99999380111694,222.6688610315323
1.0,1.0,0.9999999,419.00000059604645,380.9830434322357
0.0,0.0,0.016732657,260.00000435113907,249.81235706806183
0.0,0.0,1.0901352e-05,154.99999916553497,189.56847524642944
0.0,0.0,5.835999e-07,178.99999871850014,187.62111255526543
1.0,1.0,0.5824838,279.9999986886978,274.34832841157913
1.0,1.0,0.999736,322.0000058412552,324.29395723342896
0.0,0.0,7.4573865e-05,180.0000016093254,204.1257593035698
0.0,0.0,3.854348e-06,176.99999928474426,193.70088484883308
0.0,0.0,2.7065715e-07,187.9999993443489,188.04267624020576
1.0,1.0,0.9772799,291.99999529123306,288.91410595178604
0.0,0.0,0.0015982024,254.99999624490738,235.48019474744797
0.0,0.0,0.04670087,269.9999951720238,260.97669142484665
0.0,0.0,0.0065078046,257.9999985694885,244.71384233236313
0.0,0.0,1.6085001e-05,235.00000190734863,209.48372519016266
1.0,1.0,0.9921233,283.00000101327896,296.9341884255409
0.0,0.0,5.928326e-07,176.00000274181366,196.5339756309986
0.0,0.0,0.00023307874,242.00000309944153,224.6664673089981
1.0,1.0,0.9976083,310.9999930858612,307.15579694509506
0.0,0.0,0.000111424844,231.9999995827675,231.96749836206436
0.0,0.0,2.0010121e-07,182.9999975860119,188.41634505987167
0.0,0.0,0.021443758,271.0000044107437,252.17346918582916
0.0,0.0,0.000106142346,217.9999971985817,219.32274609804153
0.0,0.0,4.6886078e-05,193.00000110268593,209.83994364738464
0.0,0.0,0.010915025,264.9999997615814,255.8553369641304
0.0,0.0,8.823032e-07,178.00000217556953,187.65330907702446
0.0,0.0,9.2967605e-07,206.99999713897705,195.12815818190575
0.0,0.0,3.5374416e-07,151.00000029802322,179.9784885942936
0.0,0.0,0.0034956862,238.00000423192978,245.36271142959595
0.0,0.0,5.2737814e-06,174.9999998509884,195.73316332697868
0.0,0.0,0.0001539929,195.9999970793724,221.56571120023727
1.0,1.0,0.9995597,319.9999873638153,320.7076506614685
0.0,0.0,0.06439972,260.00000435113907,259.395748257637
0.0,0.0,0.00031572423,232.9999961256981,233.38512289524078
0.0,0.0,0.015937801,261.9999974370003,256.91295969486237
0.0,0.0,0.0072566816,261.9999974370003,245.6336395740509
0.0,1.0,0.6646333,275.99999982118607,276.1412150859833
0.0,0.0,3.4401328e-05,223.00000530481339,212.8423454761505
0.0,0.0,0.00023460889,227.00000417232513,226.68420910835266
0.0,0.0,0.000287275,246.99999850988388,224.72646760940552
1.0,1.0,0.9560434,291.99999529123306,285.79299849271774
0.0,0.0,2.6865519e-05,182.9999975860119,207.1290625333786
0.0,0.0,1.1127888e-06,210.9999960064888,197.90680307149887
1.0,1.0,0.99983895,336.000008225441,328.9785257577896
0.0,0.0,0.30764547,273.9999940395355,267.6336777806282
0.0,0.0,0.012217849,250.99999737739563,251.34448492527008
0.0,0.0,1.5688009e-05,239.00000077486038,222.3596931695938
1.0,1.0,0.9999893,338.9999978542328,348.7382776737213
0.0,0.0,0.0014130936,246.00000196695328,238.90562027692795
0.0,0.0,3.7051922e-07,139.00000052154064,181.93664905428886
1.0,1.0,0.990902,301.9999988079071,295.936362862587
0.0,0.0,3.5203186e-07,162.99999690055847,179.53728452324867
0.0,0.0,3.851038e-06,210.9999960064888,206.11402148008347
1.0,1.0,0.999835,338.9999978542328,327.8741444349289
0.0,0.0,3.3102922e-05,232.9999961256981,225.53643357753754
0.0,0.0,0.00024054608,200.00000229477882,224.30486583709717
1.0,1.0,0.9998884,351.0000071525574,332.729572892189
0.0,0.0,6.483077e-05,246.00000196695328,227.81621646881104
0.0,1.0,0.5295153,273.9999940395355,274.34252643585205
0.0,0.0,0.0007434673,243.99999618530273,242.9969780445099
0.0,0.0,2.2285476e-06,189.00000223517418,194.32719987630844
0.0,0.0,3.7134455e-06,184.99999701976776,208.6346942782402
0.0,0.0,3.2941527e-05,228.99999725818634,220.34678846597672
0.0,0.0,0.2888019,275.00000327825546,270.50337052345276
0.0,0.0,8.031186e-05,231.00000303983688,212.17841917276382
0.0,0.0,1.3483385e-05,234.00000536441803,208.46383434534073
0.0,0.0,1.5561222e-05,232.9999961256981,216.48679876327515
1.0,1.0,0.99932766,313.0000115633011,316.45352017879486
0.0,0.0,3.6434656e-06,209.9999994635582,200.64953157305717
0.0,0.0,2.7244042e-07,178.00000217556953,188.20377945899963
1.0,1.0,0.99988055,345.9999990463257,334.966596364975
0.0,0.0,1.9596978e-06,160.000000923872,182.31175884604454
1.0,1.0,0.99994254,344.0000059604645,335.7524403333664
1.0,1.0,0.9999944,382.00000154972076,358.64619863033295
0.0,0.0,0.0007167096,246.00000196695328,241.44331812858582
1.0,1.0,0.73113143,284.99999409914017,277.0862515568733
0.0,0.0,5.1426273e-06,187.0000028014183,202.08943086862564
0.0,0.0,3.7134455e-06,184.99999701976776,208.6346942782402
0.0,0.0,1.2672773e-05,189.00000223517418,199.7223390340805
1.0,1.0,0.96850365,289.00000566244125,287.32668793201447
1.0,1.0,0.99999917,399.99999010562897,369.7565631866455
0.0,0.0,0.0004107524,238.00000423192978,229.6359674334526
1.0,1.0,0.9999871,352.000003695488,347.4552665948868
0.0,0.0,0.436163,273.9999940395355,269.79714184999466
0.0,0.0,5.4682886e-07,176.00000274181366,184.4755847454071
0.0,0.0,2.8167837e-05,223.00000530481339,211.86235749721527
0.0,0.0,2.4329253e-07,178.00000217556953,182.77751657366753
0.0,0.0,0.00035295592,247.99999505281448,235.05017566680908
0.0,0.0,3.744281e-05,228.00000071525574,213.7532937526703
0.0,0.0,1.732062e-05,216.0000041127205,216.75648272037506
1.0,1.0,0.9534158,295.9999941587448,284.83096235990524
0.0,0.0,0.0354094,260.00000435113907,257.3241001367569
0.0,0.0,2.000969e-05,178.99999871850014,206.99541395902634
0.0,0.0,4.2715902e-07,209.9999994635582,198.6842995584011
1.0,1.0,0.89108914,290.99999874830246,281.7433971762657
0.0,0.0,0.00015648111,206.99999713897705,223.1087320446968
0.0,0.0,1.3382402e-05,212.00000524520874,203.9511668086052
0.0,0.0,2.073344e-06,184.00000047683716,193.88105714321136
1.0,1.0,0.9988864,319.9999873638153,313.43504548072815
1.0,1.0,0.99999654,382.00000154972076,358.9250489473343
0.0,0.0,0.014897474,251.99999392032623,249.76949608325958
0.0,0.0,0.15572746,275.00000327825546,267.03204971551895
0.0,0.0,6.2360937e-06,216.0000041127205,211.14176988601685
0.0,0.0,0.00054303755,246.00000196695328,238.80129897594452
0.0,0.0,3.7707293e-06,209.0000029206276,204.74827194213867
1.0,1.0,0.87037706,283.00000101327896,280.7607811689377
1.0,1.0,0.9749401,293.000004529953,288.24959564208984
0.0,0.0,2.811288e-07,167.9999986588955,184.17479610443115
1.0,1.0,0.99372345,308.0000034570694,299.3963717222214
1.0,1.0,0.9641341,294.9999976158142,286.38562524318695
0.0,0.0,2.999778e-07,171.99999752640724,184.6620795428753
0.0,0.0,4.4064788e-07,198.99999940395355,186.8703851401806
0.0,0.0,0.003406892,236.99999499320984,245.42905962467194
0.0,0.0,0.00012189124,236.99999499320984,215.1048747897148
1.0,1.0,0.99793446,308.0000034570694,308.3301955461502
0.0,0.0,9.878373e-05,238.00000423192978,219.92682445049286
0.0,0.0,1.2472797e-06,184.00000047683716,194.79823270440102
0.0,0.0,6.5174095e-07,206.99999713897705,196.6937013566494
0.0,0.0,0.016928859,247.99999505281448,252.78898644447327
0.0,0.0,0.03971374,261.9999974370003,257.65000104904175
0.0,0.0,9.75129e-06,200.99999883770943,209.51443630456924
0.0,0.0,0.006373507,257.9999985694885,245.2451611161232
0.0,0.0,7.883292e-05,239.00000077486038,224.3553062081337
1.0,1.0,0.95734596,283.00000101327896,285.3864920139313
0.0,0.0,6.915663e-07,184.00000047683716,188.99032804369926
1.0,1.0,0.88682526,286.9999998807907,281.93931859731674
1.0,1.0,0.99577516,305.99999767541885,303.09625482559204
0.0,0.0,4.6802452e-05,217.9999971985817,217.38654935359955
1.0,1.0,1.0,454.0000065565109,390.32704281806946
0.0,1.0,0.6867002,275.99999982118607,275.9860090613365
0.0,0.0,5.9961485e-07,198.00000286102295,182.35211876034737
0.0,0.0,3.2669257e-05,220.99999952316284,220.63980728387833
1.0,1.0,0.96850365,290.00000220537186,287.32668793201447
1.0,1.0,0.9999776,355.9999898672104,343.6350020170212
0.0,0.0,4.635048e-06,182.00000104308128,190.9719122350216
0.0,0.0,2.7170374e-05,228.99999725818634,216.66690123081207
0.0,0.0,1.6183938e-05,210.9999960064888,220.50297206640244
0.0,0.0,0.010045481,246.99999850988388,244.87893837690353
1.0,1.0,0.9991597,326.9999885559082,316.08585011959076
1.0,1.0,0.9926542,301.0000022649765,298.10358488559723
0.0,0.0,0.068709746,251.99999392032623,259.0310363173485
0.0,1.0,0.74830735,271.0000044107437,276.9467502236366
0.0,0.0,2.4980689e-05,220.99999952316284,203.0092915892601
0.0,0.0,0.00027091455,224.000001847744,223.74178218841553
0.0,0.0,3.6207568e-06,202.0000017285347,208.00169491767883
1.0,1.0,0.97049224,305.99999767541885,291.4459510445595
0.0,0.0,1.0084592e-06,185.99999991059303,191.00154420733452
0.0,0.0,3.3178298e-05,229.99999380111694,215.740616440773
1.0,1.0,0.9441219,295.9999941587448,285.0898929834366
0.0,0.0,1.5749183e-05,225.9999949336052,215.8330036997795
0.0,0.0,0.00016820531,242.00000309944153,228.29097551107407
0.0,0.0,1.06129e-06,165.00000268220901,185.8907272517681
0.0,0.0,0.0001329974,242.00000309944153,228.15143609046936
0.0,0.0,0.00012049696,224.000001847744,220.45474076271057
0.0,0.0,0.11149365,271.0000044107437,263.776036798954
0.0,0.0,2.7193032e-06,210.9999960064888,199.80507749319077
0.0,0.0,0.07549838,272.9999974966049,260.22270119190216
1.0,1.0,0.9858233,302.9999953508377,293.14509201049805
0.0,0.0,0.000798111,257.9999985694885,239.075070977211
0.0,0.0,6.0804574e-05,231.9999995827675,214.57697117328644
0.0,0.0,5.6948966e-06,225.9999949336052,209.8053222298622
1.0,1.0,0.99992657,354.9999933242798,335.61644303798676
0.0,0.0,0.00043332158,235.00000190734863,231.25153201818466
0.0,0.0,1.0020332e-06,206.99999713897705,196.20450085401535
1.0,1.0,0.77011114,286.0000033378601,278.06288784742355
0.0,0.0,1.712633e-05,184.99999701976776,203.88657063245773
1.0,1.0,0.9999467,329.0000070333481,336.9633901119232
0.0,0.0,8.320958e-06,198.99999940395355,193.56085029244423
0.0,0.0,2.908072e-06,189.99999877810478,198.80354475975037
0.0,0.0,8.218403e-06,203.9999948143959,206.3207089304924
0.0,0.0,1.5934652e-06,165.00000268220901,179.06072902679443
0.0,0.0,7.443424e-06,242.00000309944153,211.37238889932632
0.0,0.0,1.8974319e-05,193.00000110268593,211.23559176921844
0.0,0.0,0.28665653,272.9999974966049,271.2162390947342
0.0,0.0,4.0357404e-06,206.99999713897705,208.59938728809357
0.0,0.0,0.0005326074,245.00000542402267,238.23485094308853
0.0,0.0,5.183508e-05,239.99999731779099,210.91575944423676
1.0,1.0,0.70178324,280.9999952316284,276.51929569244385
0.0,0.0,5.6368162e-06,195.9999970793724,203.2337023615837
0.0,0.0,2.9229225e-06,227.00000417232513,210.4075089097023
0.0,0.0,0.0066949246,247.99999505281448,251.43990647792816
1.0,1.0,0.9911102,309.0,297.59208422899246
1.0,1.0,0.6962895,283.00000101327896,278.334323823452
0.0,0.0,0.000474066,228.99999725818634,227.12788885831833
0.0,0.0,2.0448597e-07,171.99999752640724,180.82949370145798
0.0,0.0,6.19071e-06,206.99999713897705,207.8817577958107
1.0,1.0,0.99999964,382.00000154972076,374.41337871551514
0.0,0.0,1.0990309e-05,171.00000098347664,200.12707445025444
0.0,0.0,4.9480983e-05,202.9999982714653,209.22474378347397
0.0,0.0,0.0010775313,239.00000077486038,237.59517359733582
0.0,0.0,0.00016901433,249.00000429153442,226.3131746649742
1.0,1.0,0.9980076,314.0000081062317,308.39642947912216
0.0,0.0,1.744149e-06,130.9999996125698,177.46553483605385
1.0,1.0,0.9999995,409.00000977516174,372.7487576007843
0.0,0.0,4.8600854e-05,205.00000405311584,213.0452622771263
1.0,1.0,0.9884022,301.9999988079071,294.093061208725
1.0,1.0,0.99998724,353.9999967813492,348.45996057987213
0.0,0.0,0.0021360433,249.00000429153442,243.22556573152542
0.0,0.0,0.068545364,253.99999970197678,257.9399220943451
0.0,0.0,1.7712789e-06,193.00000110268593,196.4508816897869
0.0,0.0,0.00026102303,242.99999964237213,233.95581132173538
0.0,0.0,1.8826597e-06,171.99999752640724,190.88633626699448
0.0,0.0,0.0010578632,247.99999505281448,242.30771094560623
0.0,0.0,0.00011234663,242.00000309944153,232.69883930683136
0.0,0.0,0.0020684218,242.00000309944153,236.82131445407867
0.0,0.0,1.2533665e-05,202.0000017285347,208.48621702194214
1.0,1.0,0.75363255,278.0000056028366,277.54723566770554
0.0,0.0,0.0005134062,254.99999624490738,231.54123723506927
0.0,0.0,4.0663388e-05,202.0000017285347,212.7392937541008
0.0,0.0,0.007078406,261.9999974370003,251.5890946984291
0.0,0.0,2.9702035e-06,217.0000006556511,206.58234375715256
0.0,0.0,2.6865519e-05,178.99999871850014,207.1290625333786
0.0,0.0,0.0019964287,253.00000315904617,247.19972866773605
0.0,0.0,1.8754629e-06,213.00000178813934,199.08457240462303
0.0,0.0,7.9457795e-06,169.99999809265137,203.30389738082886
0.0,0.0,1.39635185e-05,184.00000047683716,203.5298570394516
0.0,0.0,0.00062348606,243.99999618530273,241.14586848020554
1.0,0.0,0.36532846,279.0000021457672,268.62976402044296
1.0,0.0,0.32441095,287.9999964237213,268.81777596473694
0.0,0.0,1.3012303e-05,221.99999606609344,215.1933644413948
1.0,1.0,0.98579305,313.0000115633011,293.060931622982
1.0,1.0,0.9988663,323.9999989271164,313.52439844608307
1.0,1.0,0.9788463,295.9999941587448,290.00174152851105
0.0,0.0,0.4529257,272.9999974966049,272.4569858908653
0.0,0.0,0.31210276,275.99999982118607,270.42882084846497
0.0,0.0,3.70746e-05,231.9999995827675,218.0046819448471
1.0,1.0,0.9999198,344.0000059604645,333.43335127830505
0.0,0.0,0.3070108,268.99999862909317,268.5607243180275
1.0,1.0,0.9968008,322.0000058412552,305.82819825410843
0.0,0.0,6.385512e-06,224.9999983906746,213.03721314668655
0.0,0.0,2.9812081e-06,213.99999833106995,197.79017955064774
0.0,0.0,4.818459e-07,98.99999994412065,162.48095494508743
0.0,0.0,0.0011221092,228.99999725818634,232.60881346464157
0.0,0.0,1.1832131e-05,205.00000405311584,198.5376504957676
1.0,1.0,0.99999106,338.9999978542328,350.0294394493103
0.0,0.0,0.03304028,262.9999939799309,259.60591435432434
0.0,0.0,2.1834248e-05,231.00000303983688,219.39749890565872
0.0,0.0,0.00019183548,216.0000041127205,218.9191596508026
0.0,0.0,1.3757344e-05,195.9999970793724,207.61783772706985
0.0,0.0,2.438642e-07,193.00000110268593,190.98074215650558
0.0,0.0,9.600117e-07,158.99999803304672,176.7238595187664
1.0,1.0,0.9990061,321.0000092983246,313.85215294361115
0.0,0.0,2.3794786e-07,205.00000405311584,193.29029032588005
1.0,1.0,0.9492116,286.9999998807907,284.03706926107407
1.0,1.0,0.9232559,298.99999648332596,286.6087791323662
0.0,0.0,1.9424087e-06,203.9999948143959,207.61999601125717
0.0,0.0,9.080319e-07,209.0000029206276,198.4638879597187
0.0,0.0,0.025138384,262.9999939799309,252.51171040534973
0.0,0.0,6.0230896e-06,202.0000017285347,203.51524418592453
1.0,1.0,0.9846889,306.99999421834946,292.70895355939865
1.0,1.0,0.9999981,362.9999910593033,362.1042523384094
0.0,0.0,7.0874754e-05,238.00000423192978,217.10190975666046
0.0,0.0,0.0019584834,236.99999499320984,244.49966436624527
0.0,0.0,4.7630036e-07,180.999998152256,186.11844527721405
0.0,0.0,5.728726e-05,228.99999725818634,210.7492160797119
1.0,1.0,0.97198325,286.0000033378601,287.57148814201355
1.0,1.0,0.99941134,318.9999908208847,318.48982322216034
1.0,1.0,0.69724745,282.00000447034836,276.43363720178604
0.0,0.0,9.631011e-07,162.00000035762787,182.0133506655693
0.0,0.0,1.8998691e-05,203.9999948143959,209.4787865281105
0.0,0.0,0.0006158392,243.99999618530273,239.79165941476822
0.0,0.0,3.5742178e-05,196.99999997019768,208.64697110652924
1.0,1.0,0.9876651,300.0000057220459,297.25112611055374
1.0,1.0,0.87189853,282.00000447034836,283.5617769956589
1.0,1.0,0.9858233,302.9999953508377,293.14509201049805
0.0,0.0,0.0011505377,250.00000083446503,241.79778456687927
1.0,1.0,0.9989311,316.9999977350235,312.9584963321686
0.0,0.0,2.1667933e-05,218.9999937415123,215.95752400159836
1.0,1.0,0.9999995,396.00000393390656,373.1057631969452
0.0,0.0,0.0054448266,257.9999985694885,250.77873516082764
0.0,0.0,2.5765598e-06,195.9999970793724,191.63953936100006
0.0,0.0,0.00015850407,242.00000309944153,235.83382326364517
0.0,0.0,1.2796171e-05,231.00000303983688,213.5446384549141
0.0,0.0,0.00023307874,242.00000309944153,224.6664673089981
0.0,0.0,0.004181867,249.00000429153442,246.65878647565842
0.0,0.0,9.2259177e-07,185.99999991059303,191.3478218615055
0.0,0.0,1.5655253e-06,210.9999960064888,195.64859667420387
0.0,0.0,0.0059205587,261.9999974370003,250.5767324566841
0.0,0.0,9.984304e-06,138.0000008046627,187.33263248205185
0.0,0.0,0.00020545814,210.9999960064888,225.98310953378677
0.0,0.0,0.23806,272.9999974966049,270.1573721766472
0.0,0.0,0.0014379438,253.99999970197678,236.7286605834961
0.0,0.0,3.497966e-05,209.9999994635582,217.42706161737442
1.0,1.0,0.9999857,360.9999979734421,347.5629268884659
1.0,1.0,0.9985039,323.9999989271164,310.72027945518494
0.0,0.0,5.1426273e-06,182.9999975860119,202.08943086862564
1.0,1.0,0.9999993,392.9999889135361,371.2459570169449
1.0,1.0,0.9984665,331.0000001192093,311.4542992115021
1.0,1.0,0.9967673,309.9999965429306,304.5149204134941
0.0,0.0,2.7150045e-06,217.0000006556511,205.41891431808472
0.0,0.0,1.864563e-05,220.99999952316284,209.85415023565292
1.0,1.0,0.9630431,298.99999648332596,290.56176549196243
0.0,0.0,4.969302e-05,184.99999701976776,204.3786340355873
1.0,1.0,0.9999982,389.00000274181366,362.9529404640198
1.0,1.0,0.80429155,287.9999964237213,278.97172862291336
0.0,0.0,2.2284455e-06,218.9999937415123,199.90001025795937
0.0,0.0,0.001347445,246.00000196695328,233.49106925725937
0.0,0.0,3.0785095e-06,202.9999982714653,201.15058994293213
0.0,0.0,1.3331815e-07,162.99999690055847,178.4734789431095
0.0,0.0,4.320714e-07,158.00000149011612,186.5005694925785
0.0,0.0,9.575466e-07,180.999998152256,189.64462459087372
0.0,0.0,2.1547178e-06,205.00000405311584,198.6367665231228
0.0,0.0,0.0002590261,228.00000071525574,220.56014120578766
0.0,0.0,5.802385e-06,221.99999606609344,212.61867105960846
0.0,0.0,2.1373835e-05,198.00000286102295,209.9911885857582
1.0,1.0,0.76474863,283.00000101327896,277.71396946907043
1.0,1.0,0.8601576,286.0000033378601,280.204248547554
0.0,0.0,0.00015867085,239.99999731779099,221.7936133146286
0.0,0.0,9.4961346e-05,221.99999606609344,220.49350100755692
0.0,0.0,0.0002169338,224.9999983906746,220.99382936954498
1.0,1.0,0.99697423,309.9999965429306,305.3636593222618
1.0,1.0,0.9466527,290.00000220537186,285.0410776734352
0.0,0.0,1.1524365e-05,220.99999952316284,213.99005752801895
0.0,0.0,9.543853e-06,224.000001847744,209.63177078962326
0.0,0.0,7.188971e-07,196.99999997019768,191.28210845589638
0.0,0.0,0.013388906,261.0000008940697,257.0139293074608
1.0,1.0,0.9018799,287.9999964237213,281.84448105096817
0.0,0.0,0.0003844381,235.00000190734863,226.6677553653717
1.0,1.0,0.9993043,322.0000058412552,317.13213551044464
0.0,0.0,0.00022113894,238.00000423192978,224.1379669904709
1.0,1.0,0.9964902,304.00000458955765,304.29428029060364
1.0,1.0,0.9808834,291.99999529123306,290.2705494761467
1.0,1.0,0.99999976,413.99999248981476,378.4380201101303
0.0,0.0,4.984979e-05,238.00000423192978,225.0977559685707
1.0,1.0,0.99999785,366.00000607967377,360.9096293449402
0.0,0.0,2.8061206e-06,193.00000110268593,198.76034733653069
1.0,1.0,0.97456825,290.00000220537186,288.7419891357422
1.0,1.0,0.99989486,344.0000059604645,331.9205971956253
0.0,0.0,1.375787e-05,198.99999940395355,210.42723816633224
0.0,0.0,7.1037384e-06,212.00000524520874,208.41321623325348
1.0,1.0,0.9999758,361.9999945163727,343.794918179512
1.0,1.0,0.89142084,283.00000101327896,281.4947628378868
0.0,0.0,6.07326e-07,206.99999713897705,197.96753972768784
1.0,1.0,0.7268316,283.99999755620956,276.87886583805084
0.0,0.0,4.3840184e-05,207.99999368190765,215.22304719686508
0.0,0.0,0.0033568556,236.99999499320984,238.34079730510712
0.0,0.0,3.9534953e-06,193.99999764561653,200.97524204850197
0.0,0.0,0.0658358,275.00000327825546,264.52605324983597
0.0,0.0,3.5259168e-06,224.000001847744,202.9775521159172
1.0,1.0,0.99994385,369.9999922513962,337.61793422698975
0.0,0.0,0.044893898,268.00000208616257,261.3854831457138
1.0,1.0,0.9997503,344.0000059604645,329.07803535461426
0.0,0.0,5.729256e-05,195.9999970793724,203.5255150794983
0.0,0.0,1.3393051e-06,202.0000017285347,197.94380494952202
1.0,1.0,0.99961936,337.0000047683716,321.5682474374771
0.0,0.0,0.0025538828,258.9999951124191,249.52376908063889
1.0,1.0,0.73113143,284.99999409914017,277.0862515568733
0.0,0.0,3.6102786e-06,187.9999993443489,192.86901864409447
0.0,0.0,8.290156e-05,209.0000029206276,216.62101864814758
1.0,1.0,0.79726326,282.00000447034836,278.32190734148026
1.0,1.0,0.75001335,279.9999986886978,277.18333625793457
1.0,1.0,0.9018167,283.00000101327896,281.4441320300102
0.0,0.0,0.025138384,262.9999939799309,252.51171040534973
1.0,1.0,0.99522483,311.9999896287918,301.5364882349968
0.0,0.0,0.001435783,246.00000196695328,236.75146222114563
0.0,0.0,2.6763684e-07,167.0000021159649,181.15937474370003
0.0,0.0,3.4488046e-05,216.0000041127205,210.4592061638832
0.0,0.0,3.5401624e-06,212.00000524520874,196.57762375473976
0.0,0.0,0.21303825,261.9999974370003,268.5155146121979
0.0,0.0,1.8073929e-06,205.00000405311584,196.82736897468567
0.0,0.0,7.270783e-06,209.9999994635582,206.42708694934845
0.0,0.0,7.316608e-06,231.00000303983688,213.40666061639786
0.0,0.0,0.03658283,261.9999974370003,252.48290365934372
0.0,0.0,1.031314e-05,205.00000405311584,206.43563121557236
0.0,0.0,1.1178007e-06,156.00000205636024,188.48281386494637
0.0,0.0,1.78626e-07,169.99999809265137,185.31554451584816
1.0,1.0,0.95410806,289.00000566244125,284.69085162878036
0.0,0.0,3.3904264e-05,225.9999949336052,217.19098341464996
0.0,0.0,9.75129e-06,200.99999883770943,209.51443630456924
1.0,1.0,0.9534509,295.9999941587448,284.8934637308121
0.0,0.0,0.00013038183,169.00000154972076,202.1018029153347
1.0,1.0,0.9999815,353.9999967813492,345.50146079063416
0.0,0.0,2.6491336e-06,223.00000530481339,207.621608376503
0.0,0.0,0.00018710876,225.9999949336052,223.02496522665024
1.0,1.0,0.8935126,279.9999986886978,284.1016908288002
0.0,0.0,4.9294476e-07,203.9999948143959,196.49037194252014
0.0,0.0,2.4411966e-05,195.9999970793724,208.5755192041397
0.0,0.0,0.00018915566,224.9999983906746,230.87973582744598
0.0,0.0,0.00012230211,239.99999731779099,220.02394723892212
0.0,0.0,3.516016e-05,216.0000041127205,213.86783516407013
0.0,0.0,3.7262448e-06,191.99999821186066,201.8632109463215
0.0,0.0,0.28665653,273.9999940395355,271.2162390947342
1.0,1.0,0.9967277,309.9999965429306,304.6419925689697
0.0,0.0,0.004313957,243.99999618530273,247.3718454837799
0.0,0.0,0.001301902,224.9999983906746,231.6605268716812
0.0,0.0,0.2316074,271.0000044107437,267.8339538574219
0.0,0.0,0.00085071643,243.99999618530273,240.4130802154541
0.0,0.0,1.6973974e-05,224.9999983906746,215.7311834692955
1.0,1.0,0.99990416,346.9999955892563,333.2913615703583
0.0,0.0,3.3426187e-07,152.9999997317791,176.18340611457825
0.0,0.0,0.00135783,207.99999368190765,218.3102315068245
0.0,0.0,1.0207688e-05,231.00000303983688,216.99728375673294
0.0,0.0,0.00015305587,247.99999505281448,221.76121366024017
0.0,0.0,0.0006952798,253.00000315904617,242.659892141819
0.0,0.0,0.00092849374,243.99999618530273,235.55582356452942
1.0,1.0,0.9888104,297.99999994039536,294.753610432148
0.0,0.0,1.4753763e-05,206.00000059604645,209.19645756483078
0.0,0.0,1.0265894e-06,176.99999928474426,188.75162181258202
0.0,0.0,6.245807e-06,198.00000286102295,205.4302516579628
0.0,0.0,4.1963535e-06,200.00000229477882,201.3367229104042
0.0,0.0,1.7242944e-06,213.00000178813934,197.97515085339546
0.0,0.0,2.285221e-07,134.99999848008156,172.59726458787918
1.0,1.0,0.96903425,294.0000010728836,287.7526951432228
0.0,0.0,2.3038694e-05,218.9999937415123,218.295339345932
1.0,1.0,0.9996803,338.0000013113022,322.99954533576965
0.0,0.0,6.649669e-07,165.99999922513962,189.21124747395515
0.0,0.0,1.5160919e-07,158.00000149011612,178.7409284412861
0.0,0.0,3.0785095e-06,202.9999982714653,201.15058994293213
0.0,0.0,1.2013336e-05,216.0000041127205,198.10164535045624
0.0,0.0,1.4219893e-06,180.999998152256,193.87263983488083
1.0,1.0,0.8918959,294.0000010728836,282.57827228307724
0.0,0.0,7.1694226e-06,218.9999937415123,209.07846289873123
1.0,0.0,0.32508752,287.9999964237213,268.8126976490021
0.0,0.0,0.00012368437,213.99999833106995,219.3146334886551
0.0,0.0,1.2176884e-06,185.99999991059303,193.48247918486595
1.0,1.0,0.99772316,311.9999896287918,307.62363678216934
0.0,0.0,4.0444443e-06,171.99999752640724,203.70877879858017
0.0,0.0,8.311552e-05,220.00000298023224,210.86290687322617
0.0,0.0,0.056657407,268.99999862909317,263.9346325993538
0.0,0.0,5.921302e-07,203.9999948143959,196.16292214393616
1.0,1.0,0.94213724,294.0000010728836,284.58985662460327
1.0,1.0,0.9595872,305.99999767541885,290.02525413036346
0.0,0.0,1.0498824e-06,198.00000286102295,192.6010422706604
0.0,0.0,1.8258627e-06,217.0000006556511,204.15578484535217
1.0,1.0,0.9757996,294.0000010728836,289.6039189696312
0.0,0.0,0.035785235,268.99999862909317,260.74233984947205
0.0,0.0,1.5751637e-06,191.00000166893005,196.29189231991768
0.0,0.0,2.4299902e-06,191.00000166893005,197.84426361322403
0.0,0.0,6.7999906e-08,158.00000149011612,176.0093468427658
0.0,0.0,0.436163,273.9999940395355,269.79714184999466
0.0,0.0,0.00016208166,239.99999731779099,222.02325475215912
0.0,0.0,0.000123507,236.99999499320984,227.9838262796402
0.0,0.0,3.5267576e-06,160.9999974668026,182.27676290273666
0.0,0.0,1.5613073e-06,118.00000011920929,172.87913650274277
0.0,0.0,5.4624584e-06,185.99999991059303,202.84841054677963
0.0,0.0,0.000114189774,246.99999850988388,229.69430458545685
0.0,0.0,0.028756214,257.9999985694885,258.1621872782707
0.0,0.0,1.7587577e-07,156.99999859929085,174.37909957766533
0.0,0.0,1.0507003e-05,206.99999713897705,207.28256732225418
0.0,0.0,3.0979768e-06,195.9999970793724,199.72569707036018
0.0,0.0,3.5374153e-06,209.0000029206276,203.64067858457565
0.0,0.0,1.2533665e-05,207.99999368190765,208.48621702194214
0.0,0.0,0.13442697,268.00000208616257,263.49369513988495
1.0,0.0,0.32474887,280.9999952316284,270.04953414201736
0.0,0.0,7.07842e-07,102.99999960511923,164.93009331822395
0.0,0.0,2.3409789e-06,193.99999764561653,197.15817680954933
0.0,0.0,0.00016191961,246.00000196695328,217.36136090755463
0.0,0.0,1.3456255e-05,198.99999940395355,196.25167205929756
0.0,0.0,7.690825e-07,206.00000059604645,198.38186046481133
1.0,1.0,0.99120116,301.0000022649765,296.40331399440765
1.0,1.0,0.9999974,367.999999165535,360.00860917568207
0.0,0.0,2.6337975e-06,217.9999971985817,207.23899537324905
1.0,1.0,0.9779926,298.99999648332596,290.6051850914955
0.0,0.0,1.0321789e-05,139.00000052154064,187.59797447919846
0.0,0.0,0.00017831617,224.9999983906746,217.3406794667244
1.0,1.0,0.99322623,305.00000113248825,299.07537138462067
0.0,0.0,0.0036176543,250.00000083446503,235.3514340519905
0.0,0.0,0.011526764,257.9999985694885,255.19575262069702
0.0,0.0,8.750617e-06,198.00000286102295,205.56735348701477
0.0,0.0,0.18444096,271.0000044107437,267.90230798721313
0.0,1.0,0.73125064,275.99999982118607,277.2158374786377
0.0,0.0,1.868226e-06,173.0000004172325,194.89366060495377
0.0,0.0,0.1995464,268.00000208616257,268.80229979753494
1.0,1.0,0.9736777,290.00000220537186,287.9782612323761
0.0,0.0,0.037420835,273.9999940395355,252.6234968304634
1.0,1.0,0.999876,354.9999933242798,330.9843842983246
1.0,1.0,0.61185724,282.00000447034836,274.4612701535225
0.0,0.0,4.5734327e-05,220.99999952316284,215.30120247602463
1.0,1.0,0.9987884,311.9999896287918,312.2514170408249
0.0,0.0,0.0059869355,257.0000020265579,252.05111986398697
0.0,0.0,2.7241203e-05,203.9999948143959,211.6808077096939
0.0,0.0,1.37823345e-05,229.99999380111694,217.81531155109406
0.0,0.0,5.5062196e-06,163.99999979138374,185.4476822912693
0.0,0.0,4.6886078e-05,193.00000110268593,209.83994364738464
1.0,1.0,0.95734596,283.00000101327896,285.3864920139313
0.0,0.0,0.00011316487,224.000001847744,217.53079891204834
0.0,0.0,0.00023307874,236.99999499320984,224.6664673089981
0.0,0.0,0.00015794495,128.000000461936,217.58831083774567
0.0,0.0,0.41038108,275.99999982118607,271.1661795973778
0.0,0.0,0.0204571,262.9999939799309,252.72013717889786
0.0,0.0,5.710292e-07,209.0000029206276,195.9647472202778
0.0,0.0,3.5374153e-06,213.99999833106995,203.64067858457565
0.0,0.0,0.0025319313,253.00000315904617,245.73836714029312
0.0,0.0,0.00026121424,225.9999949336052,222.3832311630249
1.0,1.0,0.971557,301.9999988079071,288.19270581007004
0.0,0.0,1.7041066e-06,231.9999995827675,203.31950050592422
1.0,1.0,0.99999917,396.00000393390656,368.75552558898926
0.0,0.0,1.5202515e-06,126.00000102818012,175.33360075950623
0.0,0.0,0.00024054608,200.00000229477882,224.30486583709717
0.0,0.0,8.991844e-06,193.00000110268593,204.32004296779633
1.0,1.0,0.9991898,311.9999896287918,314.85552656650543
0.0,0.0,2.9882227e-05,229.99999380111694,219.43256467580795
0.0,0.0,1.5494214e-05,212.00000524520874,206.98028057813644
1.0,1.0,0.9697393,291.99999529123306,287.1552439928055
0.0,0.0,5.186907e-06,198.00000286102295,194.14554852247238
0.0,0.0,0.0018529015,235.00000190734863,235.77929484844208
1.0,1.0,0.97541445,298.99999648332596,288.9585031270981
0.0,0.0,0.00061139336,246.00000196695328,229.58298790454865
0.0,0.0,2.482617e-07,176.99999928474426,184.19519823789597
1.0,1.0,0.9999995,404.00000166893005,373.4904202222824
1.0,1.0,0.99736613,323.0000023841858,306.51064771413803
0.0,0.0,0.007881023,257.9999985694885,252.65060234069824
1.0,0.0,0.48317468,279.0000021457672,274.10680371522903
0.0,0.0,9.9420766e-05,238.00000423192978,225.74536818265915
0.0,0.0,2.9253511e-05,229.99999380111694,217.9092476963997
1.0,1.0,0.716894,282.00000447034836,276.75429475307465
0.0,0.0,2.5700496e-05,185.99999991059303,203.64808022975922
0.0,0.0,6.977791e-06,217.0000006556511,200.0003323853016
1.0,1.0,0.99999344,346.9999955892563,352.66043865680695
1.0,1.0,0.9999486,355.9999898672104,338.0080758333206
0.0,0.0,1.2131817e-06,193.00000110268593,197.84480953216553
0.0,0.0,0.021349117,261.9999974370003,249.05864614248276
0.0,0.0,0.001435783,246.00000196695328,236.75146222114563
0.0,0.0,1.0401811e-05,220.99999952316284,211.86454117298126
0.0,0.0,0.00013863534,239.00000077486038,226.90639811754227
0.0,0.0,5.0208513e-05,185.99999991059303,210.67467910051346
1.0,1.0,0.759167,293.000004529953,277.3032352924347
0.0,0.0,2.779341e-06,196.99999997019768,191.86656546592712
0.0,0.0,0.0007385752,254.99999624490738,240.05212622880936
1.0,1.0,0.9999716,353.9999967813492,342.5631219148636
0.0,0.0,0.00041828176,239.00000077486038,233.51695597171783
0.0,0.0,7.1037384e-06,209.0000029206276,208.41321623325348
1.0,1.0,0.99739134,315.0000046491623,307.00949066877365
0.0,0.0,2.849944e-07,162.99999690055847,180.47352281212807
1.0,1.0,0.9996705,331.0000001192093,322.3877098560333
1.0,1.0,0.99683136,305.99999767541885,304.62953799963
0.0,0.0,3.6111167e-05,216.0000041127205,216.03575545549393
0.0,0.0,0.12689473,268.99999862909317,263.52246379852295
0.0,0.0,0.0017756011,246.00000196695328,242.45448696613312
0.0,0.0,0.0012644214,245.00000542402267,233.14856225252151
0.0,0.0,7.13206e-05,171.99999752640724,198.65662908554077
1.0,1.0,0.9978289,313.0000115633011,307.7093206644058
1.0,1.0,0.84905684,291.99999529123306,280.0780904889107
0.0,0.0,2.3687511e-07,176.99999928474426,184.53065273165703
0.0,0.0,0.00018242556,231.9999995827675,225.93351978063583
1.0,1.0,0.86963916,282.00000447034836,283.3988519310951
0.0,0.0,2.634021e-06,147.00000143051147,181.76441797614098
0.0,0.0,0.00027930117,236.99999499320984,225.12625801563263
0.0,0.0,4.8600854e-05,205.00000405311584,213.0452622771263
0.0,0.0,3.5374416e-07,151.00000029802322,179.9784885942936
0.0,0.0,7.4567324e-05,224.000001847744,223.73763066530228
0.0,0.0,1.4650587e-06,212.00000524520874,192.4948991239071
0.0,1.0,0.8158381,273.9999940395355,279.17444229125977
0.0,0.0,0.000253745,217.9999971985817,222.5978026986122
0.0,0.0,0.016784875,260.00000435113907,257.9078144431114
0.0,0.0,0.00033893547,225.9999949336052,225.13170450925827
1.0,1.0,0.99382085,301.0000022649765,299.6975666284561
0.0,0.0,1.2672773e-05,189.00000223517418,199.7223390340805
0.0,0.0,1.5751637e-06,191.00000166893005,196.29189231991768
0.0,0.0,4.0256004e-06,221.99999606609344,210.70263522863388
1.0,0.0,0.14839587,279.9999986886978,268.148644387722
1.0,0.0,0.36795524,279.0000021457672,271.54210191965103
0.0,0.0,8.784087e-06,200.00000229477882,196.5337534546852
0.0,0.0,0.004266028,254.99999624490738,249.67524254322052
0.0,0.0,0.0001347443,231.00000303983688,223.735586643219
0.0,0.0,0.14329381,260.00000435113907,266.33067083358765
0.0,0.0,0.0001675677,235.99999845027924,224.2402315735817
0.0,0.0,0.13799645,268.00000208616257,266.71747344732285
0.0,0.0,2.1188443e-05,220.99999952316284,214.53385627269745
0.0,0.0,5.837563e-07,171.00000098347664,187.92029517889023
0.0,0.0,3.7707293e-06,209.0000029206276,204.74827194213867
1.0,1.0,0.7630375,287.9999964237213,277.67720246315
0.0,0.0,0.0017327886,250.99999737739563,242.44297188520432
1.0,1.0,0.99999654,357.00001180171967,357.44520235061646
0.0,0.0,5.6494588e-05,235.00000190734863,223.35607141256332
0.0,0.0,0.04884301,260.00000435113907,258.7001713514328
0.0,0.0,0.0025523591,251.99999392032623,242.85057020187378
0.0,0.0,5.737001e-06,167.0000021159649,192.861902654171
0.0,0.0,9.416628e-05,210.9999960064888,218.4673292040825
0.0,0.0,0.0014931891,256.0000054836273,242.53609549999237
0.0,0.0,0.00056901417,220.99999952316284,227.3113937973976
1.0,1.0,0.99987495,338.0000013113022,330.6257028579712
1.0,1.0,0.99986506,331.0000001192093,329.79867374897003
0.0,0.0,1.1486915e-05,198.99999940395355,207.8120579123497
0.0,0.0,0.00014513808,239.00000077486038,229.4775366783142
0.0,0.0,0.00019547387,234.00000536441803,222.52482730150223
0.0,0.0,0.00033156012,231.9999995827675,234.08355635404587
0.0,0.0,9.987807e-07,187.9999993443489,197.19013211131096
1.0,1.0,0.90220535,290.00000220537186,281.72666412591934
0.0,0.0,0.0003844381,235.00000190734863,226.6677553653717
0.0,0.0,2.2284455e-06,218.9999937415123,199.90001025795937
0.0,0.0,1.0844643e-05,209.9999994635582,215.4209110736847
0.0,0.0,7.9288526e-07,182.00000104308128,188.84473273158073
0.0,0.0,4.266854e-05,202.0000017285347,225.19951272010803
0.0,0.0,3.1788738e-06,107.99999977648258,169.94741848111153
0.0,0.0,0.00014898062,217.0000006556511,218.89505034685135
0.0,0.0,0.013634712,264.0000032186508,254.82939022779465
0.0,0.0,6.739523e-05,228.99999725818634,227.64535653591156
0.0,0.0,1.0415976e-05,217.0000006556511,206.41095060110092
0.0,0.0,1.2912318e-06,209.0000029206276,201.30589118599892
1.0,1.0,0.99937767,316.9999977350235,317.5575714111328
0.0,0.0,2.7244042e-07,178.99999871850014,188.20377945899963
1.0,1.0,0.9991099,331.0000001192093,319.4212625026703
0.0,0.0,0.058635056,273.9999940395355,255.1643432378769
0.0,0.0,0.027570494,271.0000044107437,250.76808339357376
0.0,0.0,0.00027988522,239.99999731779099,229.12115317583084
1.0,1.0,0.9854881,291.99999529123306,292.70802676677704
0.0,0.0,0.0009161491,239.99999731779099,229.94731897115707
1.0,1.0,0.88179433,293.000004529953,280.93178075551987
0.0,0.0,6.272246e-05,234.00000536441803,221.96343219280243
0.0,0.0,4.920871e-05,212.00000524520874,204.9979346394539
0.0,0.0,0.0011440581,250.00000083446503,232.740773499012
0.0,0.0,0.00028488494,231.9999995827675,227.735331594944
1.0,1.0,0.9126696,287.9999964237213,285.5914655327797
0.0,0.0,3.318658e-06,198.00000286102295,201.13910660147667
0.0,0.0,0.00095555437,242.99999964237213,237.5749745965004
1.0,1.0,0.9858233,302.9999953508377,293.14509201049805
0.0,0.0,0.00096499117,247.99999505281448,242.2568262219429
0.0,0.0,7.8006514e-07,206.99999713897705,194.8540941774845
0.0,0.0,0.00020004493,227.00000417232513,231.24711388349533
1.0,1.0,0.95288175,294.0000010728836,284.7253080010414
0.0,0.0,0.00014602233,242.00000309944153,221.13727909326553
0.0,0.0,3.0353934e-07,185.99999991059303,186.85043370723724
0.0,0.0,8.745019e-06,218.9999937415123,199.46761071681976
0.0,0.0,0.00023099757,235.00000190734863,233.74603879451752
1.0,1.0,0.99738485,310.9999930858612,306.44330924749374
0.0,0.0,0.0018414294,261.0000008940697,236.8385807275772
0.0,0.0,4.3569614e-07,195.0000005364418,191.4395235478878
0.0,0.0,9.75129e-06,200.99999883770943,209.51443630456924
1.0,1.0,0.9980076,314.0000081062317,308.39642947912216
0.0,0.0,9.3733945e-07,207.99999368190765,194.60506626963615
1.0,1.0,0.9999999,420.99999368190765,383.5279651880264
0.0,0.0,2.0195166e-05,227.00000417232513,217.89684391021729
0.0,0.0,1.0401811e-05,220.99999952316284,211.86454117298126
0.0,0.0,2.9063506e-06,205.00000405311584,195.42854690551758
1.0,1.0,0.9004057,279.0000021457672,281.5092868208885
0.0,0.0,0.00013863534,239.00000077486038,226.90639811754227
0.0,0.0,0.016260535,261.0000008940697,250.05196470022202
1.0,1.0,0.9993074,332.9999932050705,317.8494476079941
1.0,1.0,0.7479712,278.0000056028366,277.6391277909279
0.0,0.0,0.09780839,267.00000554323196,265.16355961561203
0.0,0.0,3.2709778e-07,147.00000143051147,182.5520203113556
0.0,0.0,4.2383826e-06,216.0000041127205,204.37430477142334
0.0,0.0,0.0010178846,258.9999951124191,236.0492200255394
0.0,0.0,1.9080526e-05,224.9999983906746,217.02649676799774
1.0,1.0,0.9813595,297.00000339746475,291.2213879227638
0.0,0.0,3.6568954e-07,200.00000229477882,189.10072427988052
0.0,0.0,1.1668891e-06,137.00000108778477,181.13777285814285
0.0,0.0,0.0012845638,249.00000429153442,236.11511117219925
1.0,1.0,0.996387,302.9999953508377,303.59731954336166
1.0,1.0,0.97565585,290.00000220537186,289.6256795525551
0.0,0.0,0.19118571,267.00000554323196,268.86919391155243
1.0,1.0,0.999992,360.9999979734421,351.96425235271454
0.0,0.0,0.0011144468,247.99999505281448,232.16001731157303
0.0,0.0,0.0012190413,239.99999731779099,230.24600011110306
0.0,0.0,0.06847762,262.9999939799309,260.5215727686882
0.0,0.0,8.8722584e-07,206.99999713897705,194.18569895625114
0.0,0.0,0.0065078046,257.9999985694885,244.71384233236313
1.0,1.0,0.9931504,305.00000113248825,298.6001299023628
0.0,0.0,0.0005777257,223.00000530481339,220.8781072497368
0.0,0.0,1.7494314e-05,232.9999961256981,218.4552682042122
1.0,1.0,0.9888104,297.99999994039536,294.753610432148
0.0,0.0,6.0741568e-06,202.0000017285347,195.120147138834
0.0,0.0,0.24908066,275.00000327825546,269.8961436152458
1.0,1.0,0.993341,315.0000046491623,299.96015363931656
0.0,0.0,5.677381e-06,203.9999948143959,203.64102137088776
0.0,0.0,2.8626522e-05,202.9999982714653,211.50462824106216
0.0,0.0,0.0013232455,250.99999737739563,236.32838773727417
1.0,1.0,0.9822494,302.9999953508377,291.3560267686844
1.0,1.0,0.92852473,297.00000339746475,282.8141473531723
0.0,0.0,0.012926756,264.9999997615814,258.1053228378296
1.0,1.0,0.95288175,300.0000057220459,284.7253080010414
0.0,0.0,7.592293e-05,235.00000190734863,222.08159190416336
0.0,0.0,0.01894203,258.9999951124191,256.0363789200783
1.0,1.0,0.8300967,279.0000021457672,279.57672107219696
1.0,1.0,0.98469466,291.99999529123306,292.68244475126266
0.0,0.0,0.0002884153,240.9999938607216,232.72453558444977
1.0,1.0,0.7777626,282.00000447034836,278.0890030860901
0.0,0.0,3.1361513e-05,198.00000286102295,210.69199615716934
0.0,0.0,2.1339285e-06,182.00000104308128,196.75570759177208
0.0,0.0,0.0017778177,262.9999939799309,240.36658823490143
1.0,1.0,0.88394064,297.99999994039536,284.3343030810356
1.0,1.0,0.99977213,339.9999943971634,326.6394535303116
0.0,1.0,0.54840875,275.99999982118607,274.0685639977455
1.0,1.0,0.68265015,283.99999755620956,277.4300027489662
0.0,0.0,0.003257665,251.99999392032623,242.98670715093613
0.0,0.0,0.00022083492,224.9999983906746,209.99659699201584
0.0,0.0,1.9040808e-05,184.00000047683716,205.46680283546448
0.0,0.0,0.0015949749,242.99999964237213,242.93567007780075
1.0,1.0,0.9677605,294.9999976158142,287.2299079298973
0.0,0.0,0.000100264784,198.99999940395355,212.09529983997345
0.0,0.0,0.00019075841,231.9999995827675,232.73829782009125
1.0,1.0,0.76835656,283.00000101327896,278.0054267048836
0.0,0.0,0.49449685,276.99999636411667,274.0276708602905
1.0,1.0,0.971557,301.9999988079071,288.19270581007004
1.0,1.0,0.999323,313.0000115633011,316.40606331825256
0.0,0.0,0.0006794157,243.99999618530273,240.28916931152344
1.0,1.0,0.8819021,283.99999755620956,280.89955884218216
0.0,0.0,1.0321789e-05,139.00000052154064,187.59797447919846
0.0,0.0,7.125933e-06,187.0000028014183,204.8880271911621
0.0,0.0,1.6572354e-05,213.99999833106995,208.19832730293274
0.0,0.0,1.5974441e-06,213.00000178813934,202.88196551799774
0.0,0.0,1.1486915e-05,198.99999940395355,207.8120579123497
0.0,0.0,0.11834436,264.0000032186508,266.754418194294
0.0,0.0,2.7170374e-05,228.99999725818634,216.66690123081207
0.0,0.0,5.970652e-06,224.000001847744,201.12094527482986
1.0,1.0,0.9995403,325.9999920129776,319.7737991809845
1.0,1.0,0.9998807,333.9999897480011,331.06677997112274
0.0,1.0,0.7793332,275.99999982118607,277.8108256459236
0.0,0.0,0.04298125,250.00000083446503,252.7116436958313
1.0,1.0,0.9431397,287.9999964237213,284.18428963422775
0.0,0.0,0.00040945134,206.99999713897705,224.1691351532936
1.0,1.0,0.99332726,289.00000566244125,298.2020153403282
1.0,1.0,0.9981244,311.9999896287918,309.1796200275421
0.0,0.0,3.786328e-05,231.00000303983688,221.98493885993958
0.0,0.0,0.001095692,242.00000309944153,238.07968300580978
1.0,1.0,0.9992231,305.00000113248825,315.12551522254944
0.0,0.0,0.0015437808,242.00000309944153,243.03858214616776
1.0,1.0,0.9998865,346.9999955892563,332.591112613678
0.0,0.0,2.1509031e-06,203.9999948143959,196.10049694776535
0.0,0.0,0.40106878,275.99999982118607,270.3357987999916
1.0,1.0,0.9728478,302.9999953508377,288.30951976776123
0.0,0.0,3.9139854e-07,112.99999994784594,166.0160213112831
1.0,1.0,0.99659675,313.0000115633011,304.7840584516525
1.0,1.0,0.99935454,347.9999921321869,318.39925146102905
1.0,1.0,0.99938023,319.9999873638153,317.5309864282608
0.0,0.0,1.7904877e-06,167.0000021159649,194.71492293477058
0.0,0.0,4.535144e-07,191.00000166893005,189.28204554319382
1.0,1.0,0.99337405,294.0000010728836,298.34761065244675
0.0,0.0,0.0001362951,220.00000298023224,214.44197684526443
1.0,1.0,0.9448912,291.99999529123306,284.7806489467621
1.0,1.0,0.9957463,305.99999767541885,302.1403634548187
0.0,0.0,0.03208288,268.99999862909317,255.04784667491913
0.0,0.0,9.208262e-05,214.99999487400055,218.63853192329407
0.0,0.0,0.36979935,276.99999636411667,271.52058255672455
0.0,0.0,8.193161e-08,147.00000143051147,170.20748537778854
0.0,0.0,0.42310762,260.00000435113907,273.6042662858963
0.0,0.0,0.00050013274,218.9999937415123,232.30721229314804
0.0,0.0,0.017406898,267.00000554323196,251.4119376540184
0.0,0.0,2.4385308e-06,206.99999713897705,207.8011903166771
0.0,0.0,5.3864747e-05,235.00000190734863,223.23304921388626
1.0,1.0,0.86174273,290.00000220537186,280.2084127664566
1.0,1.0,0.9999387,331.0000001192093,336.0586119890213
1.0,1.0,0.99998593,354.9999933242798,346.77147138118744
1.0,0.0,0.2965578,279.0000021457672,270.4220412969589
1.0,1.0,0.9971722,304.00000458955765,305.5108543038368
1.0,1.0,0.99932766,305.99999767541885,316.45352017879486
0.0,0.0,5.7089746e-06,213.99999833106995,210.01357126235962
0.0,0.0,0.00080416485,247.99999505281448,238.372498691082
0.0,0.0,2.8867547e-07,163.99999979138374,183.2147532105446
0.0,0.0,0.06439972,260.00000435113907,259.395748257637
0.0,0.0,2.5214458e-06,195.0000005364418,201.77806663513184
0.0,0.0,6.626808e-07,189.99999877810478,190.59222561120987
1.0,1.0,0.9998677,338.9999978542328,330.23909068107605
0.0,0.0,0.011634064,264.0000032186508,248.86633032560349
1.0,1.0,0.90578204,283.99999755620956,281.8598302602768
1.0,1.0,0.9973711,308.0000034570694,305.8880081176758
0.0,0.0,0.020574143,261.9999974370003,259.2301062941551
0.0,0.0,5.606959e-06,209.0000029206276,210.53732335567474
0.0,0.0,0.00043436704,228.99999725818634,226.7047889828682
1.0,1.0,0.999992,360.9999979734421,351.96425235271454
0.0,0.0,4.526066e-07,165.00000268220901,185.21880260109901
0.0,0.0,3.4000248e-06,214.99999487400055,203.20942801237106
1.0,1.0,0.7277551,279.9999986886978,276.59053176641464
0.0,0.0,0.008753912,243.99999618530273,248.60747587680817
0.0,0.0,1.0401811e-05,220.99999952316284,211.86454117298126
0.0,0.0,0.00011142505,245.00000542402267,224.7343897819519
0.0,0.0,0.0009433392,240.9999938607216,233.1170513033867
0.0,0.0,0.00080818916,250.99999737739563,241.4091791510582
0.0,0.0,0.0006952798,253.00000315904617,242.659892141819
1.0,1.0,0.99994385,357.00001180171967,337.1376017332077
0.0,0.0,6.8543636e-06,180.999998152256,207.4908163547516
0.0,0.0,6.0520368e-05,242.00000309944153,226.2962257862091
1.0,1.0,0.8755822,290.99999874830246,280.78902930021286
0.0,0.0,0.0035204247,254.99999624490738,242.84479361772537
1.0,1.0,0.999826,337.0000047683716,327.77780878543854
1.0,1.0,0.91309506,287.9999964237213,285.60367888212204
0.0,0.0,3.6217025e-07,189.00000223517418,198.46579232811928
0.0,0.0,1.3415292e-05,213.99999833106995,209.69790315628052
1.0,1.0,0.99900764,331.9999966621399,314.906081199646
0.0,0.0,2.5356507e-05,193.99999764561653,209.02455657720566
1.0,1.0,0.999977,367.00000262260437,344.75210452079773
1.0,1.0,0.99752825,311.9999896287918,306.65210419893265
0.0,0.0,1.5160919e-07,156.99999859929085,178.7409284412861
0.0,0.0,3.0267145e-05,198.00000286102295,204.78123021125793
0.0,0.0,1.5757556e-06,180.0000016093254,191.6326011121273
0.0,0.0,0.00018183199,203.9999948143959,221.88645762205124
1.0,1.0,0.9937365,308.0000034570694,299.6067536473274
0.0,0.0,0.20284368,268.00000208616257,267.27371406555176
1.0,1.0,0.9999893,338.9999978542328,348.7382776737213
1.0,1.0,0.999405,333.9999897480011,318.6386432647705
0.0,0.0,0.0038559383,258.9999951124191,242.73595261573792
0.0,0.0,0.00018242556,231.9999995827675,225.93351978063583
1.0,1.0,0.9981173,317.9999942779541,309.0699030160904
0.0,1.0,0.62097496,264.9999997615814,273.98562240600586
0.0,0.0,1.3751653e-05,220.99999952316284,208.38239085674286
0.0,0.0,0.37964863,272.9999974966049,272.0358665585518
0.0,0.0,7.247428e-07,176.00000274181366,189.56419041752815
0.0,0.0,2.1933212e-05,200.00000229477882,209.24626314640045
0.0,0.0,0.00024991162,235.00000190734863,232.66447180509567
0.0,0.0,6.1165797e-06,176.00000274181366,195.20218098163605
0.0,0.0,0.0005460297,224.9999983906746,227.76162457466125
0.0,0.0,2.6865519e-05,178.99999871850014,207.1290625333786
0.0,0.0,7.6087404e-06,212.00000524520874,210.8897076845169
0.0,0.0,0.007326041,260.00000435113907,245.00714045763016
0.0,0.0,0.011179106,264.0000032186508,247.98828953504562
0.0,0.0,1.8786846e-05,216.0000041127205,209.8302948474884
0.0,0.0,0.29897368,264.0000032186508,268.8531337380409
0.0,0.0,8.3191827e-07,195.9999970793724,196.99556279182434
0.0,0.0,0.0013617461,253.99999970197678,234.49529349803925
1.0,1.0,0.9945891,305.00000113248825,300.62015694379807
0.0,0.0,1.591428e-05,220.99999952316284,205.0174861550331
0.0,0.0,0.0155937215,268.00000208616257,255.6000373363495
0.0,0.0,2.6107204e-05,198.00000286102295,200.48255655169487
0.0,0.0,1.6536801e-06,189.99999877810478,195.99209395051003
1.0,1.0,0.9871715,316.9999977350235,297.6922032237053
0.0,0.0,3.6217025e-07,189.00000223517418,198.46579232811928
1.0,1.0,0.99529475,301.0000022649765,301.75135177373886
0.0,0.0,0.0006394519,243.99999618530273,234.80873984098434
0.0,0.0,4.181249e-06,195.0000005364418,206.6045994758606
1.0,1.0,0.99628085,315.0000046491623,304.3716484308243
1.0,1.0,0.94251597,305.00000113248825,288.6204523444176
0.0,0.0,5.8744274e-05,232.9999961256981,214.82201260328293
1.0,1.0,0.98600024,300.0000057220459,296.43341571092606
0.0,0.0,1.506976e-06,193.99999764561653,197.31809931993484
0.0,0.0,2.7469164e-07,189.99999877810478,190.7376812696457
0.0,0.0,0.0064192377,257.9999985694885,251.04100477695465
0.0,0.0,0.31092015,269.9999951720238,269.5022948384285
0.0,0.0,0.002479401,253.99999970197678,247.65374279022217
0.0,0.0,0.2888019,275.00000327825546,270.50337052345276
0.0,0.0,5.1876837e-06,223.00000530481339,204.33348780870438
0.0,0.0,0.0002845988,239.99999731779099,236.43292486667633
0.0,0.0,7.4573865e-05,180.0000016093254,204.1257593035698
1.0,1.0,1.0,413.99999248981476,390.86445558071136
0.0,0.0,1.8608946e-05,213.99999833106995,212.08638739585876
0.0,0.0,7.641128e-06,223.00000530481339,203.51657724380493
0.0,0.0,0.16307035,268.99999862909317,263.04897433519363
1.0,1.0,0.9999716,353.9999967813492,342.5631219148636
0.0,0.0,0.00024831295,213.99999833106995,226.52174109220505
0.0,0.0,2.7051651e-06,206.99999713897705,201.41065683960915
0.0,0.0,0.016784875,264.9999997615814,257.9078144431114
1.0,1.0,0.998064,308.0000034570694,308.1727169752121
0.0,0.0,0.22093706,275.00000327825546,269.4699332714081
0.0,0.0,0.20088005,272.9999974966049,266.2539882659912
1.0,1.0,0.882649,300.0000057220459,284.2845101952553
0.0,0.0,1.0217096e-05,228.99999725818634,216.15585762262344
1.0,1.0,0.98880637,328.0000104904175,299.5382471680641
0.0,0.0,8.272451e-05,207.99999368190765,213.60260742902756
1.0,1.0,0.68523914,279.0000021457672,275.4153206348419
1.0,1.0,0.9876879,297.00000339746475,294.0794767141342
0.0,0.0,4.240469e-06,213.99999833106995,198.05895575881004
1.0,1.0,0.9490589,290.00000220537186,285.29663121700287
1.0,1.0,0.98952466,297.99999994039536,294.982744038105
0.0,0.0,5.85812e-05,246.00000196695328,227.131189763546
0.0,0.0,4.847843e-06,198.00000286102295,207.02171963453293
1.0,1.0,0.9987884,310.9999930858612,312.2514170408249
0.0,0.0,0.00010553931,236.99999499320984,228.6564365029335
0.0,0.0,1.5688009e-05,239.00000077486038,222.3596931695938
1.0,1.0,0.9999974,367.999999165535,360.00860917568207
0.0,0.0,0.42278397,275.99999982118607,272.50691843032837
0.0,0.0,0.0016432443,246.99999850988388,240.8050119280815
0.0,0.0,0.00015740129,245.00000542402267,232.05968248844147
0.0,0.0,0.00069670787,234.00000536441803,229.2216276526451
0.0,0.0,6.398155e-05,206.99999713897705,209.85969829559326
1.0,1.0,0.99978536,353.0000002384186,327.36730313301086
1.0,1.0,0.9956915,306.99999421834946,302.2918750047684
1.0,1.0,1.0,432.00000643730164,398.3142431974411
0.0,0.0,9.689229e-05,236.99999499320984,223.80107152462006
0.0,0.0,2.0492769e-06,207.99999368190765,204.8396054506302
0.0,0.0,0.00010688614,235.00000190734863,220.61934167146683
1.0,1.0,0.7044023,287.9999964237213,277.04713582992554
0.0,0.0,2.4020852e-05,217.0000006556511,206.50303316116333
0.0,0.0,0.0009360634,242.00000309944153,241.2456192970276
0.0,0.0,0.00017944686,238.00000423192978,229.86513912677765
0.0,0.0,4.3864557e-06,189.00000223517418,200.88759031891823
1.0,1.0,0.83526605,283.00000101327896,279.1278487443924
0.0,0.0,2.5293743e-06,187.9999993443489,199.26888352632523
1.0,1.0,0.99999464,354.9999933242798,354.5310870409012
0.0,0.0,3.3178298e-05,224.9999983906746,215.740616440773
1.0,1.0,0.97565585,294.0000010728836,289.6256795525551
0.0,0.0,0.0059205587,257.9999985694885,250.5767324566841
0.0,0.0,5.375293e-07,109.99999921023846,168.57864099740982
0.0,0.0,3.0472088e-06,206.00000059604645,206.45899146795273
1.0,1.0,0.9951798,315.0000046491623,302.0677562355995
0.0,0.0,0.000474066,221.99999606609344,227.12788885831833
0.0,1.0,0.63910556,272.0000009536743,275.11431616544724
0.0,0.0,0.0007499205,223.00000530481339,228.9947919845581
1.0,1.0,0.9986235,329.0000070333481,312.43931472301483
0.0,0.0,0.000994494,246.00000196695328,223.68687289953232
0.0,0.0,0.003406892,236.99999499320984,245.42905962467194
0.0,0.0,6.0137054e-06,209.9999994635582,205.08119362592697
1.0,1.0,0.9631693,294.0000010728836,286.5772427916527
1.0,1.0,0.9998405,322.0000058412552,328.5223914384842
0.0,0.0,5.7656043e-06,196.99999997019768,202.26734966039658
1.0,1.0,0.9999018,357.00001180171967,333.0725623369217
1.0,1.0,0.9958626,313.0000115633011,303.50715404748917
1.0,1.0,0.9999993,399.99999010562897,371.10076797008514
0.0,0.0,2.2284455e-06,218.9999937415123,199.90001025795937
0.0,0.0,0.0031002362,257.0000020265579,239.8737884759903
0.0,0.0,1.617539e-05,229.99999380111694,216.49568581581116
0.0,0.0,0.22093706,275.00000327825546,269.4699332714081
1.0,1.0,0.9987419,323.0000023841858,312.71504187583923
0.0,0.0,1.5020516e-06,134.99999848008156,176.95148867368698
0.0,0.0,1.4012243e-06,200.00000229477882,201.8806422650814
0.0,0.0,2.5744137e-05,210.9999960064888,209.90867865085602
1.0,1.0,0.999708,350.00001060962677,328.1979886293411
1.0,1.0,0.9998448,326.9999885559082,328.5432379245758
1.0,1.0,0.99953735,323.0000023841858,319.82920360565186
0.0,0.0,0.028823623,253.99999970197678,253.88369357585907
0.0,0.0,3.1980273e-06,206.99999713897705,199.4690389931202
1.0,0.0,0.36554414,279.0000021457672,271.5962367653847
0.0,0.0,0.0010918337,249.00000429153442,243.29169809818268
0.0,0.0,0.03706483,258.9999951124191,245.01225686073303
1.0,1.0,0.9909328,289.00000566244125,295.90850830078125
0.0,0.0,0.00010235645,182.00000104308128,204.90102767944336
0.0,0.0,0.00030917642,236.99999499320984,237.32665765285492
0.0,0.0,0.016172739,267.00000554323196,255.56274980306625
0.0,0.0,0.00023870847,235.00000190734863,232.94325864315033
0.0,0.0,3.5808716e-06,184.00000047683716,197.21832311153412
0.0,0.0,0.0024288287,250.99999737739563,245.8635857105255
0.0,0.0,0.13480993,267.00000554323196,265.2200177907944
0.0,0.0,3.5873486e-06,195.0000005364418,200.75164380669594
1.0,1.0,0.999949,347.9999921321869,337.728387594223
1.0,1.0,0.7804655,278.0000056028366,278.1118682026863
0.0,0.0,4.984979e-05,238.00000423192978,225.0977559685707
0.0,0.0,1.5409292e-06,193.00000110268593,193.6267985701561
1.0,1.0,0.9999999,419.00000059604645,380.5139340162277
1.0,1.0,0.9982035,324.999995470047,312.437740445137
1.0,1.0,0.9997793,336.000008225441,325.7679637670517
0.0,0.0,5.154889e-07,206.99999713897705,190.85255911946297
0.0,0.0,2.1703565e-06,182.9999975860119,197.44276562333107
0.0,0.0,0.046546344,264.9999997615814,259.5141618847847
0.0,0.0,0.0004068389,235.99999845027924,227.1259971857071
0.0,0.0,0.00036691994,200.00000229477882,210.82855206727982
0.0,0.0,1.7904877e-06,167.0000021159649,194.71492293477058
1.0,1.0,0.99372345,314.0000081062317,299.3963717222214
0.0,0.0,0.0014353722,249.00000429153442,233.48972350358963
0.0,0.0,1.2092428e-06,149.00000086426735,174.86071434617043
1.0,1.0,0.9931504,304.00000458955765,298.6001299023628
1.0,1.0,0.99452645,298.99999648332596,300.40185284614563
0.0,0.0,0.00030415333,242.99999964237213,224.5395982861519
0.0,1.0,0.63910556,272.0000009536743,275.11431616544724
1.0,1.0,0.99812084,316.9999977350235,309.02437591552734
0.0,0.0,0.015902728,256.0000054836273,254.06689381599426
1.0,1.0,0.90080184,290.99999874830246,281.66506415605545
1.0,1.0,0.9875773,305.99999767541885,297.95226377248764
0.0,0.0,3.0855754e-06,185.99999991059303,190.60032552480698
1.0,1.0,0.9999927,388.00000619888306,353.0108424425125
1.0,1.0,0.8569098,287.9999964237213,280.45302253961563
0.0,0.0,0.00052429346,228.00000071525574,223.28665083646774
0.0,0.0,0.10503456,242.99999964237213,258.1067193746567
0.0,0.0,4.518102e-06,180.0000016093254,198.05648642778397
1.0,1.0,0.99789137,323.9999989271164,308.8960976600647
1.0,1.0,0.99674654,306.99999421834946,304.132904112339
1.0,1.0,0.9888104,291.99999529123306,294.753610432148
0.0,0.0,7.3210856e-08,180.999998152256,183.7497410774231
0.0,0.0,7.125933e-06,187.0000028014183,204.8880271911621
0.0,0.0,0.02344926,269.9999951720238,251.5972961783409
0.0,0.0,6.189696e-05,235.00000190734863,226.07798516750336
1.0,1.0,0.9986272,301.9999988079071,310.75102865695953
0.0,0.0,4.526066e-07,160.9999974668026,185.21880260109901
0.0,0.0,0.00014363807,238.00000423192978,221.9358188509941
0.0,0.0,0.17758666,272.0000009536743,263.57650977373123
0.0,0.0,7.0302456e-05,239.00000077486038,227.15259486436844
0.0,0.0,0.003075855,250.99999737739563,239.92212134599686
0.0,0.0,3.1361513e-05,198.00000286102295,210.69199615716934
0.0,0.0,0.00015986359,231.9999995827675,223.64862048625946
1.0,1.0,0.99391866,301.9999988079071,300.0276190638542
0.0,0.0,2.7704213e-05,228.00000071525574,219.38104516267776
0.0,0.0,1.6057637e-06,210.9999960064888,200.77036374807358
0.0,0.0,2.3409789e-06,193.99999764561653,197.15817680954933
1.0,1.0,0.9078274,294.9999976158142,285.21275013685226
1.0,1.0,0.9944659,315.0000046491623,300.89901995658875
1.0,1.0,0.9985684,315.0000046491623,311.313579082489
1.0,1.0,0.8601576,286.0000033378601,280.204248547554
0.0,0.0,5.3364756e-06,206.00000059604645,209.96961843967438
1.0,1.0,0.938463,287.9999964237213,283.77718645334244
1.0,1.0,0.9925182,301.9999988079071,297.43630689382553
0.0,0.0,5.2059085e-07,178.99999871850014,186.50513362884521
1.0,1.0,0.99322623,305.00000113248825,299.07537138462067
0.0,0.0,3.0511279e-05,178.00000217556953,201.4960233271122
1.0,1.0,0.8784167,279.9999986886978,283.53220850229263
1.0,1.0,0.92075676,291.99999529123306,282.9718925356865
0.0,0.0,0.0011144568,250.99999737739563,242.0017678141594
1.0,1.0,0.99747866,322.0000058412552,307.1039473414421
0.0,0.0,2.2001175e-06,167.9999986588955,181.41461089253426
1.0,1.0,0.9999999,412.99999594688416,385.3943223953247
1.0,1.0,0.99938226,305.99999767541885,317.0554529428482
0.0,0.0,4.5563875e-06,193.00000110268593,190.6350294649601
0.0,0.0,3.7707293e-06,213.99999833106995,204.74827194213867
0.0,0.0,0.003976919,260.00000435113907,239.15695881843567
0.0,0.0,0.00014654135,200.00000229477882,223.23570263385773
0.0,0.0,2.6865519e-05,182.9999975860119,207.1290625333786
1.0,1.0,0.984002,304.00000458955765,292.2247488498688
0.0,0.0,1.3847623e-06,176.00000274181366,191.96008265018463
0.0,0.0,0.0045901276,257.9999985694885,241.97232627868652
0.0,0.0,0.00016001886,221.99999606609344,219.6834334731102
0.0,0.0,0.027816188,258.9999951124191,244.357128739357
0.0,0.0,2.6865519e-05,178.99999871850014,207.1290625333786
0.0,1.0,0.7295065,272.0000009536743,276.770875453949
0.0,0.0,0.009212912,254.99999624490738,253.1070540547371
1.0,1.0,0.99805933,322.0000058412552,308.85992735624313
0.0,0.0,0.00052992406,242.99999964237213,240.51220893859863
0.0,0.0,1.1993347e-06,206.99999713897705,194.2510251402855
1.0,1.0,0.9836325,309.9999965429306,293.2027816772461
0.0,0.0,0.20565192,271.0000044107437,268.15330374240875
0.0,1.0,0.7793332,275.99999982118607,277.8108256459236
1.0,1.0,0.9922192,301.9999988079071,298.0157681107521
1.0,1.0,0.9957838,300.0000057220459,301.9688687324524
1.0,1.0,0.99364424,308.0000034570694,300.1670569181442
0.0,0.0,0.005126569,257.9999985694885,243.1872879266739
0.0,0.0,0.0034773585,254.99999624490738,247.65902423858643
1.0,1.0,0.9999974,388.00000619888306,361.22077775001526
0.0,0.0,8.854551e-06,203.9999948143959,203.92062073946
0.0,0.0,2.744625e-06,182.00000104308128,194.2085767686367
0.0,0.0,0.00080818916,246.00000196695328,241.4091791510582
1.0,1.0,0.7585853,289.00000566244125,277.8894760608673
0.0,0.0,0.008193743,258.9999951124191,249.96416062116623
0.0,0.0,0.001126582,220.99999952316284,229.6458701491356
0.0,0.0,9.861525e-05,240.9999938607216,227.1055696606636
1.0,1.0,0.8882894,283.00000101327896,280.93645280599594
0.0,0.0,7.967354e-05,191.99999821186066,216.5696387887001
0.0,0.0,0.00012556683,238.00000423192978,220.80767101049423
1.0,1.0,0.5683295,278.0000056028366,273.1588345170021
1.0,1.0,0.8601576,286.0000033378601,280.204248547554
0.0,0.0,8.0706166e-05,185.99999991059303,204.44555354118347
1.0,1.0,0.99985886,354.9999933242798,330.3821976184845
0.0,0.0,8.311552e-05,216.0000041127205,210.86290687322617
0.0,0.0,1.0049099e-06,206.99999713897705,192.4705739915371
0.0,0.0,9.098184e-06,217.9999971985817,206.97007316350937
0.0,0.0,0.0011144568,250.99999737739563,242.0017678141594
0.0,0.0,0.27286112,273.9999940395355,268.3794030547142
1.0,1.0,0.99482006,311.9999896287918,301.1916832923889
1.0,1.0,0.999954,333.9999897480011,338.1357192993164
0.0,0.0,0.00040362836,240.9999938607216,238.90856570005417
1.0,1.0,0.99780756,309.9999965429306,307.93926680088043
1.0,1.0,0.99957913,333.9999897480011,320.83255183696747
1.0,1.0,0.99933016,316.9999977350235,317.48594176769257
0.0,0.0,4.111478e-06,221.99999606609344,208.1017631292343
0.0,0.0,4.1963535e-06,200.00000229477882,201.3367229104042
0.0,0.0,0.00033600198,235.00000190734863,227.78508639335632
0.0,0.0,0.020201126,261.0000008940697,254.86882334947586
0.0,0.0,0.0061731325,256.0000054836273,251.47009706497192
0.0,0.0,6.922935e-06,182.00000104308128,202.26579442620277
0.0,0.0,6.121428e-05,225.9999949336052,218.42211949825287
1.0,1.0,0.9344321,283.99999755620956,282.9010754227638
1.0,1.0,0.9925182,301.9999988079071,297.43630689382553
0.0,0.0,2.1625222e-06,189.99999877810478,197.53825065493584
1.0,1.0,0.99542135,323.0000023841858,305.1627865433693
1.0,1.0,0.99997425,366.00000607967377,343.25105595588684
0.0,0.0,6.4436326e-06,185.99999991059303,202.6163696050644
0.0,0.0,5.421428e-06,220.00000298023224,212.52635997533798
0.0,0.0,1.4326378e-05,217.9999971985817,212.11408960819244
0.0,0.0,5.2627483e-06,187.9999993443489,203.10624933242798
0.0,0.0,1.0805733e-05,189.00000223517418,192.72527691721916
0.0,0.0,0.0027945442,249.00000429153442,245.7252777814865
0.0,0.0,3.9018764e-06,224.9999983906746,203.14607602357864
0.0,0.0,4.787798e-05,196.99999997019768,206.11193937063217
0.0,0.0,3.486959e-07,151.99999684095383,181.02348536252975
0.0,0.0,8.345832e-06,176.99999928474426,199.28644815087318
0.0,0.0,6.690821e-06,185.99999991059303,204.3440887928009
0.0,0.0,9.0266843e-07,184.99999701976776,191.169128626585
0.0,0.0,3.6207568e-06,207.99999368190765,208.00169491767883
0.0,0.0,9.381001e-06,217.0000006556511,213.1661388874054
1.0,1.0,0.5874798,284.99999409914017,273.61548936367035
0.0,0.0,7.270783e-06,209.9999994635582,206.42708694934845
1.0,1.0,0.9998393,341.9999874830246,328.37522184848785
0.0,0.0,9.411786e-07,184.00000047683716,189.81217727065086
0.0,0.0,2.8019892e-06,191.00000166893005,190.9769016802311
0.0,0.0,1.0414128e-05,218.9999937415123,209.35218411684036
0.0,0.0,0.004136299,251.99999392032623,245.78511303663254
0.0,0.0,3.8760518e-05,232.9999961256981,219.37233585119247
0.0,0.0,9.906198e-07,165.99999922513962,191.67028856277466
0.0,0.0,0.00010977802,217.9999971985817,208.8521604537964
0.0,0.0,5.830906e-05,224.000001847744,211.78058391809464
0.0,0.0,5.6560725e-06,231.00000303983688,216.3196079134941
1.0,1.0,0.9984237,316.9999977350235,310.50917387008667
0.0,0.0,0.0010796331,242.00000309944153,239.3641921877861
0.0,0.0,5.3409127e-07,167.9999986588955,185.01412743330002
0.0,0.0,0.00028916608,236.99999499320984,225.35212880373
1.0,1.0,0.84021,286.0000033378601,280.041615486145
0.0,0.0,6.6312464e-07,195.9999970793724,196.45035481452942
0.0,0.0,0.010019297,265.999996304512,253.78314292430878
1.0,1.0,0.9999548,331.9999966621399,337.79549753665924
0.0,0.0,5.8774254e-05,217.9999971985817,208.89071756601334
0.0,0.0,0.0004565548,239.00000077486038,239.61659717559814
0.0,0.0,0.0010099872,235.00000190734863,242.48269701004028
0.0,0.0,1.6272428e-06,171.00000098347664,193.72369918227196
0.0,0.0,5.374961e-05,198.00000286102295,206.71213281154633
0.0,0.0,2.6354585e-06,193.00000110268593,198.44464114308357
0.0,0.0,2.7036047e-06,218.9999937415123,207.8947075009346
0.0,0.0,1.9036288e-05,209.0000029206276,210.8328813314438
0.0,0.0,0.27286112,273.9999940395355,268.3794030547142
1.0,1.0,0.9991667,333.9999897480011,319.2596958875656
1.0,1.0,0.9110584,291.99999529123306,282.1253373026848
1.0,1.0,0.62767094,283.00000101327896,274.87959641218185
0.0,0.0,0.0036035017,243.99999618530273,239.8040885925293
0.0,0.0,0.003257665,251.99999392032623,242.98670715093613
0.0,1.0,0.81096995,275.00000327825546,280.8927031159401
1.0,1.0,0.852649,295.9999941587448,282.8190987110138
0.0,0.0,5.018061e-07,171.00000098347664,187.38560566306114
0.0,0.0,4.0663388e-05,206.00000059604645,212.7392937541008
1.0,1.0,0.55160886,278.0000056028366,272.6428522467613
0.0,0.0,6.441223e-05,224.9999983906746,216.28402161598206
0.0,0.0,7.565833e-05,228.99999725818634,209.52982360124588
0.0,0.0,0.3049636,276.99999636411667,268.3772066831589
0.0,0.0,1.7297066e-07,195.9999970793724,182.10828977823257
0.0,0.0,2.5918547e-05,235.00000190734863,221.6649414896965
0.0,0.0,2.6865519e-05,182.9999975860119,207.1290625333786
0.0,0.0,6.1557516e-06,167.9999986588955,196.91119292378426
1.0,1.0,0.96929485,294.0000010728836,287.75650388002396
1.0,1.0,0.99674654,306.99999421834946,304.132904112339
0.0,0.0,0.0019465847,253.00000315904617,238.4891095161438
0.0,0.0,1.0127416e-07,184.00000047683716,185.86638942360878
1.0,1.0,0.96760756,302.9999953508377,287.0079601407051
1.0,1.0,0.99322623,305.00000113248825,299.07537138462067
1.0,1.0,0.9999746,361.9999945163727,343.62603878974915
0.0,0.0,0.00012230211,236.99999499320984,220.02394723892212
0.0,0.0,0.00018746252,247.99999505281448,232.74854332208633
0.0,0.0,5.8479827e-06,174.9999998509884,196.4521385729313
1.0,1.0,0.9990023,321.0000092983246,314.2938140630722
0.0,0.0,0.058635056,273.9999940395355,255.1643432378769
0.0,0.0,0.0006022491,240.9999938607216,230.2066558599472
0.0,0.0,2.2514276e-07,196.99999997019768,190.84880116581917
1.0,1.0,0.99770975,315.0000046491623,308.11355459690094
0.0,0.0,0.06806658,268.99999862909317,263.4682908654213
0.0,0.0,3.2247117e-06,173.0000004172325,193.09543535113335
0.0,0.0,2.675823e-05,171.99999752640724,198.05562311410904
0.0,0.0,5.812276e-07,214.99999487400055,202.49966990947723
1.0,1.0,0.85916793,293.000004529953,280.0508961081505
1.0,1.0,0.999951,331.9999966621399,337.034664273262
0.0,0.0,1.6049484e-05,214.99999487400055,216.12548929452896
1.0,1.0,0.96850365,289.00000566244125,287.32668793201447
1.0,1.0,0.99933016,316.9999977350235,317.48594176769257
0.0,0.0,2.410723e-07,193.00000110268593,186.18128308653831
0.0,0.0,1.0657155e-05,191.00000166893005,195.56631526350975
0.0,0.0,0.10576304,272.0000009536743,263.46698319911957
0.0,0.0,3.851038e-06,210.9999960064888,206.11402148008347
0.0,0.0,5.605959e-06,209.9999994635582,194.25440856814384
1.0,1.0,0.94077224,300.0000057220459,283.73140543699265
1.0,1.0,0.7859594,278.0000056028366,278.55171382427216
0.0,0.0,1.9509842e-05,193.99999764561653,207.69547247886658
0.0,0.0,0.21677804,275.00000327825546,269.7484408020973
0.0,0.0,0.005048963,253.00000315904617,252.04577493667603
1.0,1.0,0.852649,284.99999409914017,282.8190987110138
1.0,1.0,0.99999905,397.00000047683716,368.3312577009201
0.0,0.0,4.784501e-07,180.0000016093254,182.6157976090908
0.0,0.0,1.6170949e-05,182.00000104308128,204.85367238521576
0.0,0.0,9.946553e-05,238.00000423192978,227.05917924642563
0.0,0.0,7.528639e-05,235.00000190734863,215.14895457029343
0.0,0.0,0.00075068546,229.99999380111694,230.1901513338089
1.0,1.0,0.99945074,329.0000070333481,319.2960820198059
0.0,0.0,5.2510118e-06,203.9999948143959,201.7248395383358
0.0,0.0,7.844757e-07,174.9999998509884,183.94703364372253
1.0,1.0,0.99932766,305.99999767541885,316.45352017879486
1.0,1.0,0.8623922,284.99999409914017,281.1183453798294
0.0,0.0,8.624399e-05,223.00000530481339,224.61461770534515
0.0,0.0,0.00024647877,247.99999505281448,234.39391762018204
0.0,0.0,8.446038e-06,184.00000047683716,199.5265572667122
0.0,0.0,0.003167629,253.99999970197678,248.24758833646774
1.0,1.0,0.99929416,337.0000047683716,317.6509108543396
0.0,0.0,0.09023192,272.9999974966049,261.5181922316551
0.0,0.0,4.333426e-06,205.00000405311584,200.76240348815918
0.0,0.0,5.0602243e-06,180.999998152256,200.1164163351059
0.0,0.0,2.3725477e-06,130.9999996125698,178.92696619033813
1.0,1.0,0.99992585,346.9999955892563,334.3535420894623
