Actual_High_Emitter,Predicted_High_Emitter,Emission_Risk_Score,Actual_CO2_gkm,Predicted_CO2_q10,Predicted_CO2_q50,Predicted_CO2_q90,Interval_Width_gkm
0.0,0.0,0.00046505497,210.0,184.78732,217.04242,246.98042,62.1931
0.0,0.0,0.0010247481,225.0,184.78882,217.78607,250.84258,66.05376
0.0,0.0,0.00028752736,197.0,176.30573,211.00919,243.28604,66.980316
1.0,1.0,0.7997049,290.0,269.54327,280.41855,297.0106,27.467316
0.0,0.0,0.0017556895,219.0,186.75528,222.3941,254.70364,67.948364
0.0,0.0,0.0009947773,227.0,182.86954,218.69989,251.1451,68.27556
0.0,0.0,0.021895155,252.0,233.03696,253.96329,272.46814,39.431183
1.0,1.0,0.9999957,419.0,309.2412,377.48953,443.04245,133.80124
1.0,1.0,0.99248356,306.0,287.22653,310.6256,349.9134,62.68686
1.0,1.0,0.999912,371.0,300.15283,351.1851,410.55832,110.40549
0.0,0.0,0.0024502303,244.0,213.7651,238.4033,260.1679,46.4028
0.0,0.0,4.573642e-05,184.0,159.45207,195.88159,233.02321,73.57114
0.0,0.0,0.0005564425,203.0,189.02731,220.86636,249.26758,60.240265
0.0,1.0,0.5164888,274.0,256.9005,274.61148,290.9273,34.026794
0.0,0.0,0.00015589062,200.0,170.40648,205.47221,240.23274,69.82626
0.0,0.0,0.010416549,235.0,212.55226,238.416,264.47028,51.918015
1.0,1.0,0.999432,327.0,294.53253,333.96582,386.631,92.09848
0.0,0.0,0.00019516097,209.0,176.17516,210.4353,242.8389,66.66374
0.0,0.0,0.0003759158,200.0,187.59369,219.69849,247.55724,59.963547
0.0,0.0,0.0007912148,232.0,187.39047,219.42651,250.91629,63.525818
1.0,1.0,0.96100867,305.0,282.35065,298.14392,329.19482,46.844177
0.0,0.0,0.0028717741,246.0,215.73038,240.17197,261.30368,45.573303
0.0,0.0,0.028591659,258.0,223.04935,249.29887,272.229,49.179657
1.0,1.0,0.9999943,421.0,308.01978,374.95184,440.27988,132.2601
0.0,0.0,0.1586034,256.0,243.47656,262.2884,281.99384,38.517273
0.0,0.0,9.022608e-05,184.0,167.19916,202.95102,236.46716,69.268005
1.0,1.0,0.9990158,339.0,292.80096,328.91064,379.1726,86.37164
1.0,1.0,0.82069004,281.0,272.719,282.78787,299.33136,26.612366
0.0,0.0,0.00016870598,198.0,174.63812,208.93932,240.7686,66.13048
1.0,1.0,0.9999825,401.0,305.38977,365.03326,428.5565,123.16672
1.0,1.0,0.9943658,337.0,287.96625,313.3819,353.92673,65.96048
0.0,0.0,8.890789e-05,176.0,164.40521,201.10693,235.65993,71.254715
1.0,1.0,0.9999306,382.0,301.3755,353.09018,413.08124,111.70575
0.0,0.0,4.3875443e-05,168.0,161.22116,197.94269,232.42157,71.20041
1.0,1.0,0.9998982,361.0,299.44666,350.232,409.35992,109.91327
0.0,0.0,0.0007240184,230.0,183.68124,216.82527,250.17233,66.49109
1.0,1.0,0.91966105,288.0,277.7682,288.60504,311.65903,33.89084
0.0,1.0,0.87295794,275.0,273.49002,288.4378,308.50116,35.01114
0.0,0.0,0.053486757,255.0,230.5844,252.69312,275.69022,45.10582
0.0,0.0,0.0033939548,249.0,217.02954,241.29138,262.21014,45.180603
0.0,0.0,0.00027924552,189.0,170.86282,208.76364,243.10442,72.24159
0.0,0.0,0.0029681933,234.0,212.84402,238.09198,260.67236,47.82834
1.0,1.0,0.99956614,338.0,295.30057,336.80005,390.5943,95.29373
0.0,0.0,0.11905406,260.0,248.21548,265.29602,281.4062,33.190704
0.0,0.0,0.006085374,242.0,212.56082,238.56805,262.9107,50.349884
1.0,1.0,0.6139734,280.0,260.3033,277.29852,292.36963,32.066315
0.0,0.0,7.049418e-05,179.0,162.33794,199.05878,234.88466,72.54672
0.0,0.0,0.00011269395,187.0,175.02197,208.76819,239.43494,64.412964
0.0,0.0,0.00072109676,220.0,180.71796,216.79614,249.36635,68.64839
1.0,1.0,0.9403348,294.0,280.28192,291.07938,316.85675,36.57483
1.0,1.0,0.9925062,327.0,287.07178,310.81305,349.55066,62.47888
1.0,1.0,0.98825574,309.0,285.50507,305.983,342.82263,57.317566
0.0,0.0,0.003801916,242.0,215.94638,240.34045,262.23584,46.28946
0.0,0.0,0.0009418493,238.0,189.08801,220.76694,251.9239,62.83589
0.0,0.0,0.32346988,275.0,257.92923,271.76056,288.53082,30.601593
0.0,0.0,0.050921746,265.0,239.71988,259.37057,277.00946,37.28958
1.0,1.0,0.9946831,340.0,287.9392,314.0946,354.9896,67.050385
1.0,1.0,0.5032378,280.0,256.13983,273.39734,290.5012,34.36136
0.0,0.0,0.00027217588,205.0,176.87183,211.09464,244.04121,67.16939
0.0,0.0,0.090528846,270.0,243.76283,264.2546,280.8225,37.059677
0.0,0.0,0.00031624478,183.0,171.28412,209.76242,244.13197,72.847855
1.0,1.0,0.9684324,306.0,283.58398,300.3142,332.54037,48.95639
0.0,0.0,0.00036340728,192.0,185.22035,218.41473,247.00566,61.78531
0.0,0.0,0.00052236294,208.0,174.3756,212.09325,246.8242,72.44861
0.0,0.0,0.00019707301,193.0,166.06827,205.27777,241.06674,74.998474
0.0,0.0,0.0016643134,221.0,193.35687,224.0078,254.10585,60.748978
0.0,0.0,0.35518596,275.0,257.1637,271.93225,288.60336,31.439667
0.0,0.0,2.1204432e-05,192.0,154.22221,191.495,229.99263,75.77042
0.0,0.0,0.00045013748,193.0,185.16537,218.45584,247.73099,62.565613
1.0,1.0,0.9910148,299.0,286.50452,308.4961,347.0951,60.590576
0.0,0.0,4.0485982e-05,176.0,165.54575,200.62016,233.29019,67.744446
1.0,1.0,0.98124826,315.0,284.4229,302.31567,335.63025,51.207336
0.0,0.0,0.011048966,228.0,214.04994,241.60736,266.77603,52.72609
0.0,0.0,0.00924402,249.0,214.26883,239.85097,265.26843,50.999603
1.0,1.0,0.99999475,389.0,309.2889,376.17563,440.4445,131.15558
1.0,0.0,0.41266704,288.0,252.21992,270.28278,289.29187,37.071945
1.0,1.0,0.9995722,332.0,295.3612,336.55237,390.44467,95.083466
0.0,0.0,0.0077266903,254.0,222.99963,245.71654,266.35815,43.35852
0.0,0.0,0.00021614388,215.0,177.45955,211.55432,243.30571,65.84616
0.0,0.0,1.4516734e-05,172.0,150.79832,188.05646,226.42749,75.629166
0.0,0.0,0.001197797,214.0,193.65182,224.73064,253.06093,59.409103
0.0,0.0,0.14428526,248.0,219.83707,256.3393,278.95563,59.11856
0.0,0.0,7.0829425e-05,173.0,157.65143,197.60495,234.61258,76.96115
0.0,0.0,0.030960426,245.0,234.05328,253.58095,273.55402,39.500732
1.0,1.0,0.8545699,286.0,273.1632,285.0138,304.24857,31.085358
0.0,0.0,0.00047869363,214.0,186.71416,218.49924,247.68259,60.96843
1.0,1.0,0.91966105,287.0,277.7682,288.60504,311.65903,33.89084
0.0,0.0,0.00035271086,213.0,190.89023,221.34021,247.85574,56.965515
0.0,0.0,6.395246e-05,188.0,168.21542,204.7055,236.58449,68.369064
0.0,0.0,0.030134747,182.0,193.59634,240.36702,267.122,73.525665
0.0,0.0,0.049603768,260.0,230.60022,252.67175,275.3207,44.72049
0.0,0.0,0.053152967,258.0,238.08589,256.32095,275.44424,37.358353
1.0,1.0,0.97246325,292.0,283.29608,298.48486,330.1337,46.837616
0.0,0.0,0.0016635141,242.0,192.66504,224.29552,255.10576,62.44072
0.0,0.0,0.002570252,247.0,215.07321,239.58075,260.74387,45.670654
0.0,0.0,0.0046493295,232.0,197.2904,229.79314,260.28394,62.99353
0.0,0.0,9.783024e-06,155.0,144.00386,182.28423,222.42313,78.419266
0.0,0.0,0.0022737137,232.0,191.73969,225.56142,256.1384,64.39871
0.0,0.0,0.024708517,257.0,231.94681,251.45987,271.8122,39.865387
0.0,0.0,0.021959066,244.0,217.29776,243.67847,269.39935,52.101593
1.0,1.0,0.9939237,304.0,287.75043,312.20825,353.04395,65.29352
0.0,0.0,0.0004071986,200.0,175.79979,211.22565,244.27353,68.47374
1.0,1.0,0.9981558,328.0,291.3306,323.59393,370.01773,78.68713
0.0,0.0,0.00097333465,215.0,181.5432,218.1965,251.08798,69.544785
0.0,0.0,0.0003972154,214.0,184.60513,216.72116,246.30884,61.703705
0.0,0.0,0.004128524,227.0,199.38509,231.94121,260.0989,60.71382
0.0,0.0,8.6870634e-05,182.0,165.52753,201.29987,236.34056,70.813034
0.0,0.0,0.001649333,236.0,190.70067,221.85355,254.22029,63.519623
0.0,0.0,0.0505093,253.0,232.15201,253.75803,275.6172,43.46518
0.0,0.0,0.0027509807,231.0,211.46225,236.54204,259.90698,48.444733
1.0,1.0,0.96438205,300.0,282.18884,295.64783,325.49878,43.309937
1.0,1.0,0.9153456,295.0,276.87482,289.5296,311.68866,34.813843
0.0,0.0,0.00012603107,180.0,166.67929,203.12494,237.58356,70.90427
1.0,1.0,0.978639,297.0,283.89285,300.6303,333.14905,49.256195
0.0,0.0,0.0058495086,240.0,214.56665,239.33032,263.21637,48.64972
0.0,0.0,3.3087454e-05,177.0,156.5524,193.30399,231.05013,74.49773
0.0,0.0,0.0072824657,243.0,214.62646,239.80746,263.6813,49.05484
0.0,0.0,0.0021545414,237.0,207.62476,233.89348,258.32227,50.69751
0.0,0.0,0.0021186066,235.0,209.32999,235.44672,258.67657,49.34659
1.0,1.0,0.6058486,278.0,260.0705,277.0767,292.22656,32.156067
0.0,0.0,0.00018392867,178.0,165.33267,204.54138,240.34181,75.00914
1.0,1.0,0.99862504,331.0,292.05246,325.9652,374.6321,82.57965
1.0,1.0,0.9327864,305.0,279.62302,290.54767,315.64398,36.020966
1.0,1.0,0.9951232,306.0,288.12018,313.99292,355.89597,67.77579
0.0,0.0,0.0015849138,225.0,202.46188,230.75175,256.34872,53.88684
0.0,0.0,0.015803855,248.0,229.7501,250.15172,270.19415,40.444046
1.0,1.0,0.99998915,420.0,306.1765,369.50558,433.9,127.72348
0.0,0.0,0.0024653126,230.0,201.22607,229.60071,256.98376,55.75769
0.0,0.0,0.0027375938,216.0,193.3049,227.66675,257.7262,64.421295
0.0,0.0,0.17027885,262.0,250.77196,267.15625,283.96503,33.19307
1.0,1.0,0.9990664,329.0,293.24463,330.28992,380.5366,87.29196
0.0,0.0,0.00021065194,207.0,172.76877,207.30873,242.44249,69.67372
1.0,1.0,0.98561305,296.0,285.39148,304.44086,339.91202,54.52054
0.0,0.0,0.23342757,274.0,254.66714,269.01532,285.0536,30.386444
1.0,1.0,0.74411416,283.0,263.4037,281.0738,296.8864,33.482727
0.0,0.0,0.0011932589,220.0,196.92416,226.07082,253.25963,56.335464
0.0,0.0,4.0594772e-05,186.0,170.73914,206.10394,235.72513,64.98599
0.0,0.0,6.0413862e-05,197.0,164.62546,201.04878,235.93913,71.313675
0.0,0.0,0.0013262344,221.0,186.89381,221.53061,252.81775,65.923935
1.0,1.0,0.99831533,343.0,291.7387,324.2406,371.64417,79.90546
1.0,1.0,0.9951232,306.0,288.12018,313.99292,355.89597,67.77579
0.0,0.0,0.00015913419,190.0,171.32733,206.82831,239.7697,68.44237
0.0,0.0,0.17629343,248.0,224.75018,258.03894,280.56854,55.81836
0.0,0.0,0.00025396553,198.0,175.94879,210.71289,242.84924,66.90045
0.0,0.0,0.0033903583,235.0,208.78375,235.24866,260.0064,51.222656
0.0,0.0,2.9082888e-05,174.0,149.3879,190.16867,229.70897,80.321075
0.0,0.0,0.005392088,218.0,198.26392,231.52301,261.62903,63.365112
1.0,1.0,0.9808631,312.0,283.9723,301.63544,334.99408,51.02179
1.0,1.0,0.972226,283.0,282.75543,297.36652,329.2852,46.529755
0.0,0.0,0.00018332357,196.0,176.01865,209.86429,241.347,65.328354
0.0,0.0,0.0010380993,225.0,193.52795,223.7864,252.308,58.780045
1.0,1.0,0.9556328,307.0,280.73267,292.94385,321.53394,40.80127
1.0,1.0,0.9981558,328.0,291.3306,323.59393,370.01773,78.68713
0.0,0.0,0.00019029861,217.0,171.88629,207.0563,242.35594,70.46965
0.0,0.0,0.00053042104,219.0,189.36533,220.23839,248.7533,59.38797
0.0,0.0,0.00028101116,209.0,175.70155,209.85815,244.07062,68.369064
1.0,1.0,0.9920589,306.0,287.03876,310.22394,348.7968,61.758057
0.0,0.0,0.0020140104,235.0,198.67337,228.14818,256.32916,57.655792
0.0,0.0,7.058042e-05,204.0,164.36105,200.27686,236.46892,72.107864
0.0,0.0,0.00040431882,199.0,188.62564,219.73651,247.51447,58.888824
1.0,1.0,0.98651266,321.0,285.56522,304.83197,340.78577,55.22055
0.0,0.0,0.0001019104,177.0,165.2257,201.81818,236.62701,71.40132
0.0,0.0,0.07830187,264.0,242.56201,263.1216,279.7895,37.227478
1.0,1.0,0.5400242,278.0,260.9236,275.87622,291.44107,30.517456
1.0,1.0,0.92115897,288.0,278.2943,292.1146,317.47205,39.177734
0.0,0.0,0.00012040381,200.0,174.13736,208.32088,239.65555,65.51819
1.0,1.0,0.9999502,388.0,302.0797,356.48956,417.961,115.88129
0.0,0.0,0.0007106027,228.0,186.8472,219.15207,250.41945,63.57225
0.0,0.0,0.009054075,253.0,211.8914,238.77472,265.24377,53.35237
0.0,0.0,0.08382763,222.0,207.71603,250.50177,274.39755,66.68152
0.0,0.0,0.000121478384,175.0,159.24872,199.54446,237.67824,78.42952
0.0,0.0,0.028359955,251.0,224.17854,250.04266,271.8547,47.676163
1.0,1.0,0.56608593,278.0,260.06427,275.26477,290.6817,30.617432
0.0,0.0,0.069757044,265.0,242.16502,262.04062,279.02774,36.862717
1.0,1.0,0.74297917,283.0,263.80273,281.2362,295.5083,31.705566
0.0,0.0,6.0021892e-05,197.0,165.38956,201.31525,235.68356,70.29401
0.0,0.0,0.05267291,255.0,230.42856,252.47717,275.19098,44.76242
0.0,0.0,0.017108643,251.0,217.77368,245.39839,269.09955,51.325867
0.0,0.0,0.00013038208,221.0,169.59137,205.47792,240.92546,71.33409
0.0,0.0,0.0007201521,226.0,193.67252,223.67941,250.93933,57.266815
0.0,0.0,0.02713374,253.0,223.9331,248.40521,272.09464,48.16153
1.0,1.0,0.8896517,297.0,276.0602,286.64935,307.11005,31.049835
0.0,0.0,0.0025655327,221.0,200.70578,229.12167,256.8105,56.104706
1.0,1.0,0.99990416,372.0,299.91922,350.4368,409.5341,109.61487
1.0,1.0,0.998752,331.0,292.34723,327.11404,376.0984,83.75116
0.0,0.0,0.00019957229,187.0,173.42737,208.40625,240.99706,67.56969
0.0,0.0,0.057884667,267.0,233.4926,257.80972,276.8562,43.3636
1.0,1.0,0.9941549,306.0,288.06638,313.02112,353.4284,65.36203
0.0,0.0,0.0012373762,225.0,205.7087,232.36923,255.86841,50.159714
1.0,1.0,0.99989724,384.0,299.6306,350.15503,408.9794,109.348785
0.0,0.0,0.0050519025,240.0,210.90634,237.04773,261.78766,50.881317
0.0,0.0,0.00044323958,213.0,176.37292,210.66095,245.33794,68.96501
0.0,0.0,5.4689012e-06,159.0,154.78821,193.05649,225.28188,70.49367
0.0,0.0,0.0022438532,237.0,197.81152,227.50279,257.00397,59.192444
0.0,0.0,0.0020762188,231.0,194.10037,224.57777,255.28543,61.18506
1.0,1.0,0.9154799,294.0,276.44238,286.76163,309.94385,33.501465
0.0,0.0,3.915331e-05,177.0,158.35527,195.20197,232.17027,73.815
1.0,1.0,0.92415565,298.0,278.4666,292.51465,318.41473,39.94812
0.0,0.0,4.5908502e-05,179.0,159.30629,195.74307,232.94427,73.637985
0.0,0.0,5.0686318e-05,182.0,168.49551,204.07768,235.79811,67.3026
1.0,1.0,0.9990452,342.0,294.39093,333.25284,384.64075,90.24982
0.0,0.0,0.0017669937,234.0,198.10971,227.4323,255.36887,57.259155
0.0,0.0,0.00038616173,204.0,181.21896,214.70897,245.55922,64.340256
1.0,1.0,0.9028265,299.0,277.2685,287.5141,308.97836,31.70987
0.0,0.0,0.12332616,237.0,216.35031,254.60184,277.6133,61.263
0.0,0.0,0.0051804692,244.0,217.9058,240.982,263.47455,45.56874
1.0,1.0,0.715169,279.0,261.86328,279.25128,295.00934,33.146057
0.0,0.0,0.046959978,255.0,220.55418,250.81125,274.04596,53.491776
1.0,1.0,0.9174206,280.0,276.34845,291.35095,315.91376,39.565308
0.0,0.0,0.0029936612,240.0,206.781,233.64131,258.95703,52.176025
0.0,0.0,1.7220123e-05,170.0,145.30515,186.07231,226.42123,81.11609
0.0,0.0,0.0056734476,239.0,214.05592,239.53342,263.13885,49.08293
0.0,0.0,0.041948378,253.0,238.2399,256.00943,275.05225,36.812347
0.0,0.0,0.0017669937,234.0,198.10971,227.4323,255.36887,57.259155
1.0,1.0,0.9999479,407.0,302.41296,357.369,418.43488,116.02191
0.0,0.0,0.051030755,267.0,222.02402,251.37256,275.1753,53.151276
0.0,0.0,2.9861602e-07,114.0,130.21555,168.89447,206.90738,76.69183
0.0,0.0,0.0006792778,205.0,194.08304,223.94228,250.64018,56.557144
1.0,1.0,0.9986772,342.0,293.31232,329.89642,379.7981,86.48578
0.0,0.0,3.6750575e-05,167.0,151.82288,191.71928,230.12842,78.30554
0.0,0.0,1.2803154e-05,158.0,149.62187,187.38547,225.1019,75.48003
1.0,1.0,0.9645026,311.0,282.0557,296.06146,325.49463,43.438934
0.0,0.0,0.00016244386,184.0,171.12689,206.55936,239.94049,68.8136
0.0,0.0,5.580285e-07,121.0,128.07599,166.66525,208.24222,80.16623
0.0,0.0,8.657631e-05,176.0,163.19202,200.23398,235.24654,72.05452
0.0,0.0,0.00021700787,209.0,176.95547,211.17664,243.19452,66.239044
0.0,0.0,0.07638538,242.0,233.20059,255.6726,277.98334,44.782745
0.0,0.0,0.092440255,265.0,234.6181,259.08105,278.72223,44.104126
0.0,0.0,0.028679933,255.0,234.16301,255.72313,273.98853,39.825516
0.0,0.0,0.04423193,247.0,223.88884,249.53319,274.2472,50.358353
0.0,0.0,5.580285e-07,121.0,128.07599,166.66525,208.24222,80.16623
0.0,0.0,0.013323824,254.0,228.09001,250.12715,269.62592,41.535904
0.0,0.0,0.026656799,249.0,228.0857,251.05852,272.29218,44.206482
1.0,1.0,0.99494874,324.0,288.06192,313.87146,355.6431,67.58118
1.0,0.0,0.2989596,278.0,252.47266,270.52582,286.94165,34.468994
0.0,0.0,0.026656799,249.0,228.0857,251.05852,272.29218,44.206482
0.0,0.0,0.00039428627,191.0,181.78268,217.33252,247.28397,65.50128
1.0,1.0,0.9485217,298.0,280.23413,292.85532,320.3595,40.125366
1.0,1.0,0.98361075,310.0,285.13098,303.67282,337.7507,52.61972
1.0,1.0,0.99889404,344.0,293.06503,328.50388,378.14636,85.08133
1.0,1.0,0.9184058,299.0,277.95706,288.60138,311.68112,33.72406
1.0,1.0,0.9952844,335.0,288.78253,315.18036,356.5108,67.72827
0.0,0.0,0.18553117,264.0,225.5758,259.27032,281.2857,55.7099
0.0,0.0,0.00046616592,207.0,181.81166,215.32034,246.20844,64.396774
0.0,0.0,0.012105614,244.0,226.43239,247.37238,268.4428,42.01042
0.0,0.0,0.15282185,276.0,247.32451,266.7597,282.95233,35.627823
1.0,1.0,0.9999987,450.0,312.77805,387.89554,454.33344,141.55539
1.0,1.0,0.93446714,296.0,279.32358,290.5337,315.3286,36.005035
0.0,0.0,0.0007456558,227.0,189.977,221.28952,250.39804,60.421036
0.0,0.0,6.581014e-05,193.0,163.21216,199.15399,235.84251,72.630356
1.0,1.0,0.923036,303.0,278.52545,289.43097,313.23962,34.714172
1.0,1.0,0.9983966,324.0,291.7343,324.85306,371.99652,80.26221
0.0,1.0,0.60916144,275.0,266.12085,277.66034,292.30212,26.181274
1.0,1.0,0.99385345,315.0,287.74738,312.4934,352.4814,64.73404
0.0,0.0,0.063092716,257.0,221.21027,251.02795,274.7012,53.490936
0.0,0.0,0.0015590986,230.0,205.92029,232.61604,256.66165,50.741364
0.0,0.0,4.1168678e-05,185.0,164.4516,200.72115,234.26114,69.80954
1.0,1.0,0.999803,362.0,297.96466,343.7594,400.1397,102.17505
0.0,0.0,0.0005620686,206.0,192.2457,223.01468,249.96068,57.71498
0.0,0.0,0.0039830585,231.0,212.89178,237.67763,261.25223,48.360443
0.0,0.0,0.0006543669,198.0,188.69801,221.24149,249.95831,61.2603
0.0,0.0,0.0006543669,198.0,188.69801,221.24149,249.95831,61.2603
0.0,0.0,0.101055086,267.0,229.02602,256.43616,279.4677,50.441696
1.0,1.0,0.9956026,330.0,289.39246,316.357,358.5928,69.20035
1.0,1.0,0.5400242,278.0,260.9236,275.87622,291.44107,30.517456
0.0,0.0,9.036971e-05,191.0,165.8206,201.33376,237.27914,71.45854
1.0,1.0,0.85064995,289.0,274.1794,284.03778,302.3285,28.149078
0.0,0.0,8.137618e-05,178.0,160.02548,196.76323,234.6403,74.61482
0.0,0.0,1.6863243e-05,162.0,148.38927,186.59186,225.6122,77.22293
1.0,1.0,0.9999002,377.0,300.30164,350.96356,410.1371,109.83545
0.0,0.0,0.02109122,245.0,222.6238,246.02061,269.46796,46.844162
1.0,1.0,0.9749604,283.0,282.90826,298.03882,330.67813,47.769867
1.0,1.0,0.64947236,281.0,262.5006,276.82397,291.2713,28.77069
0.0,0.0,4.7845988e-05,163.0,154.04115,194.39664,232.48347,78.44232
0.0,0.0,8.983426e-05,179.0,165.01933,201.69777,236.36935,71.35002
0.0,0.0,4.404602e-05,183.0,159.3063,196.02747,232.88309,73.57678
1.0,1.0,0.9998987,373.0,300.26947,349.87277,408.6457,108.37622
0.0,0.0,0.01936348,170.0,188.25792,236.63814,264.24078,75.982864
0.0,0.0,0.0007240184,230.0,183.68124,216.82527,250.17233,66.49109
0.0,0.0,0.13478166,218.0,218.48283,254.9109,278.07526,59.592422
0.0,0.0,0.0007743085,212.0,189.92812,221.0804,249.89018,59.962067
0.0,0.0,0.061689768,255.0,233.84807,255.12727,276.70038,42.85231
1.0,1.0,0.9953181,292.0,288.37573,314.36606,356.74307,68.36734
0.0,0.0,4.4679626e-05,163.0,153.67662,194.03621,232.12227,78.44565
0.0,0.0,0.020342965,253.0,229.78928,249.96304,270.63287,40.843597
0.0,0.0,0.0005059369,200.0,183.1001,216.25668,247.11247,64.012375
0.0,0.0,0.066206336,245.0,228.62543,253.09766,276.40503,47.779602
0.0,0.0,0.0043957224,219.0,195.30164,229.13164,259.9734,64.67175
1.0,1.0,0.99960953,350.0,295.8095,337.5722,391.90186,96.09235
0.0,0.0,0.00025173798,202.0,183.05106,215.8478,244.77682,61.72577
0.0,0.0,0.0027428376,241.0,200.16599,229.14893,258.12225,57.95627
1.0,0.0,0.29073116,287.0,242.0081,265.75342,285.71246,43.70436
1.0,1.0,0.99958795,370.0,295.46234,337.48987,391.10275,95.64041
0.0,0.0,0.025153149,262.0,214.33476,245.71259,270.99768,56.662918
0.0,0.0,0.0007041566,235.0,185.57002,218.21362,250.19951,64.629486
1.0,1.0,0.9985977,346.0,291.94528,326.2409,374.03616,82.09088
1.0,0.0,0.17886451,290.0,234.89156,260.1431,281.73227,46.840714
1.0,1.0,0.9970999,336.0,290.92847,320.63556,365.28326,74.3548
0.0,0.0,2.5634727e-05,168.0,156.44057,194.00195,229.48984,73.04927
1.0,1.0,0.99989724,384.0,299.6306,350.15503,408.9794,109.348785
1.0,1.0,0.99939716,350.0,294.76447,334.11227,385.74158,90.97711
0.0,0.0,0.027696686,232.0,218.48578,245.80847,271.53595,53.05017
1.0,1.0,0.99921584,339.0,293.7489,331.1766,382.47678,88.727875
0.0,0.0,0.0023691028,240.0,211.23483,236.88858,259.5782,48.343353
1.0,1.0,0.99610245,316.0,288.69992,316.1698,359.36838,70.66846
0.0,0.0,0.003531046,221.0,209.59834,235.50334,260.22815,50.629807
0.0,0.0,0.0056806095,228.0,204.70694,233.21657,260.8739,56.16696
0.0,0.0,0.008107615,246.0,222.33292,245.51166,266.4619,44.128998
0.0,0.0,7.1291084e-05,181.0,161.50134,198.23537,234.86551,73.36417
0.0,0.0,0.0018997497,219.0,196.38129,226.70981,254.83592,58.454636
0.0,0.0,0.0002270293,189.0,171.64838,207.61725,241.21315,69.56477
0.0,0.0,0.024333768,242.0,227.15916,249.45372,271.70856,44.549393
0.0,0.0,0.00028539627,185.0,164.57721,204.19727,241.68155,77.10434
0.0,0.0,0.2532555,255.0,251.92996,268.90314,286.61105,34.68109
0.0,0.0,0.0052936827,241.0,218.71768,242.86472,264.1337,45.416016
0.0,0.0,0.15832846,209.0,222.1796,256.28064,279.59918,57.419586
1.0,1.0,0.99263304,306.0,286.783,310.0506,349.64212,62.85913
0.0,0.0,0.0023259015,228.0,206.05896,232.68196,257.84296,51.783997
1.0,1.0,0.95979565,292.0,281.1413,294.11893,323.40964,42.26834
1.0,0.0,0.1782196,284.0,227.91197,259.3122,281.23587,53.3239
0.0,0.0,2.3748207e-05,168.0,151.20013,189.21109,227.60919,76.40906
0.0,0.0,0.0014136005,230.0,199.84058,228.0362,254.5635,54.72293
1.0,1.0,0.9999958,419.0,309.3026,377.65164,443.21518,133.91257
0.0,0.0,0.08763269,260.0,242.28781,263.83234,280.42847,38.140656
0.0,0.0,1.8736946e-05,155.0,147.10866,187.74197,227.11154,80.002884
0.0,0.0,4.8627186e-05,179.0,160.0794,196.7081,233.43149,73.35208
1.0,0.0,0.37723303,280.0,251.05922,269.7248,288.48468,37.42546
1.0,1.0,0.99807054,322.0,291.16095,322.78915,369.346,78.18506
0.0,0.0,0.00022233343,180.0,169.0653,206.22864,240.66736,71.60205
0.0,0.0,8.166202e-05,177.0,159.09212,198.91705,235.74446,76.65234
0.0,0.0,3.6447032e-05,188.0,160.70456,197.18478,232.91214,72.20758
1.0,1.0,0.9489801,292.0,279.86765,291.44672,319.15826,39.29062
0.0,0.0,0.004787107,255.0,204.53506,233.43422,261.43817,56.903107
0.0,0.0,0.113170125,270.0,241.2873,260.83997,280.77008,39.482788
0.0,0.0,0.014697955,258.0,217.61237,243.33688,268.101,50.488647
0.0,0.0,0.002215875,235.0,205.50885,233.4878,257.92657,52.417725
1.0,1.0,0.97391915,283.0,282.7195,297.5639,329.98785,47.26834
0.0,0.0,2.2926084e-05,176.0,164.57953,200.96146,231.88983,67.3103
0.0,0.0,0.0031991987,242.0,202.03293,230.70233,259.0536,57.02066
1.0,1.0,0.987496,311.0,285.40735,305.72632,341.66913,56.26178
0.0,0.0,0.0020132046,232.0,206.49123,232.75096,257.59155,51.100327
0.0,0.0,3.614021e-05,183.0,166.03114,203.39642,234.67966,68.64851
0.0,0.0,0.060650524,271.0,224.65956,253.32251,276.46814,51.80858
0.0,0.0,0.0012550468,218.0,188.374,221.72675,252.22137,63.84738
0.0,0.0,0.00096021744,193.0,180.98721,217.57559,250.1658,69.17859
0.0,0.0,0.053809475,265.0,239.71634,260.664,277.6308,37.91446
0.0,0.0,0.0004001275,178.0,172.61679,210.81296,245.11404,72.49725
0.0,0.0,0.000114358336,207.0,168.63646,203.94333,239.24548,70.609024
0.0,0.0,8.715313e-06,151.0,150.91386,189.58923,224.91786,74.004
0.0,0.0,0.0035183378,238.0,212.14746,237.48775,261.0557,48.908234
0.0,0.0,8.798042e-05,175.0,163.4168,200.48079,235.74742,72.33063
0.0,0.0,0.00023493796,196.0,175.6539,210.16272,242.1197,66.465805
1.0,1.0,0.9957586,320.0,288.9288,315.91498,357.83978,68.91098
0.0,0.0,0.06636155,260.0,228.56552,254.33545,275.92194,47.356415
0.0,0.0,0.007005391,233.0,218.80699,241.7857,264.42712,45.620132
0.0,0.0,0.09026032,262.0,247.46765,263.6943,280.24893,32.78128
0.0,0.0,0.112258695,262.0,242.17351,264.59067,281.55902,39.385513
0.0,1.0,0.8338229,276.0,273.9065,283.34296,299.44678,25.540283
0.0,0.0,0.0019760006,223.0,192.31924,224.29092,255.01086,62.69162
0.0,0.0,0.002814783,227.0,200.73453,229.88345,257.26837,56.533844
0.0,0.0,0.002539271,247.0,197.8524,227.43806,257.69977,59.847366
1.0,1.0,0.91436774,292.0,277.53308,289.40796,312.1975,34.66443
0.0,0.0,8.93472e-05,183.0,165.65149,201.37898,236.48775,70.83626
0.0,0.0,0.00039666935,211.0,179.08435,212.83215,245.67935,66.595
1.0,1.0,0.9970999,336.0,290.92847,320.63556,365.28326,74.3548
0.0,1.0,0.53103304,274.0,258.29407,274.8717,290.6551,32.361023
0.0,0.0,0.014172013,251.0,224.74992,247.3639,269.00375,44.25383
0.0,0.0,0.0012161569,239.0,202.46765,229.5085,254.73047,52.262817
1.0,1.0,0.9997595,339.0,296.90067,341.7896,398.1661,101.26544
0.0,0.0,0.007888151,246.0,213.87445,239.38925,264.3108,50.43634
0.0,0.0,4.6625173e-06,139.0,143.4541,181.75815,219.19473,75.74063
1.0,1.0,0.9840667,302.0,284.5088,302.97885,338.39172,53.882935
0.0,0.0,1.6566017e-05,163.0,148.59059,186.68259,225.75931,77.16872
0.0,0.0,0.00027005732,211.0,188.53134,219.95682,246.68346,58.152115
1.0,1.0,0.99587435,339.0,289.53955,316.92535,359.94113,70.40158
0.0,0.0,0.0014731495,233.0,207.33664,232.93362,256.56384,49.227203
0.0,0.0,0.00029573287,200.0,178.01973,212.0774,243.5394,65.51967
1.0,1.0,0.99878293,351.0,292.64197,327.54004,375.69308,83.05112
0.0,0.0,0.0069017718,246.0,221.802,244.65204,265.62634,43.82434
0.0,0.0,0.3108181,274.0,254.46165,271.21588,287.0457,32.58403
0.0,0.0,0.0076989974,244.0,224.4566,246.09778,266.60287,42.14627
0.0,0.0,8.809736e-05,189.0,172.11307,208.08612,238.74933,66.63626
0.0,0.0,3.5366098e-05,185.0,167.83405,203.09296,233.9593,66.12526
0.0,0.0,0.0009765248,229.0,197.06192,225.93622,252.64473,55.58281
0.0,0.0,0.17089155,275.0,248.07799,267.46808,284.0288,35.95082
0.0,0.0,0.01222896,231.0,207.22275,237.90347,266.13287,58.910126
0.0,0.0,0.0021510024,234.0,204.87386,233.0728,257.71912,52.84526
0.0,0.0,0.0025556923,233.0,205.67859,232.74098,258.14716,52.468567
1.0,1.0,0.9951232,313.0,288.12018,313.99292,355.89597,67.77579
0.0,0.0,0.00042709857,210.0,179.20972,212.548,245.92296,66.71324
0.0,0.0,3.853441e-05,178.0,165.6977,201.78696,234.15562,68.45793
1.0,1.0,0.9997008,346.0,297.43793,343.46698,399.4022,101.964264
0.0,0.0,1.3704586e-05,160.0,146.3676,184.71829,224.05705,77.68945
1.0,1.0,0.9988159,344.0,292.8687,327.89032,377.21536,84.34665
1.0,1.0,0.9999677,382.0,305.3931,364.1596,426.73056,121.33746
0.0,0.0,0.0051804692,246.0,217.9058,240.982,263.47455,45.56874
1.0,1.0,0.6601884,285.0,264.14697,277.77325,292.2047,28.05774
0.0,0.0,0.00016088663,187.0,171.2904,206.67195,239.65646,68.36606
0.0,0.0,3.5366098e-05,185.0,167.83405,203.09296,233.9593,66.12526
0.0,0.0,0.00018708306,189.0,165.24289,204.6842,240.76042,75.51753
1.0,1.0,0.94835484,289.0,280.93915,292.28152,319.27554,38.336395
1.0,1.0,0.99998033,400.0,305.05908,364.09424,427.30908,122.25
0.0,0.0,0.006653742,238.0,209.68982,236.34026,263.42175,53.731934
1.0,1.0,0.999861,352.0,298.52075,346.6764,405.08896,106.56821
0.0,1.0,0.5164888,274.0,256.9005,274.61148,290.9273,34.026794
0.0,0.0,2.9447592e-05,176.0,154.87656,192.04866,229.88466,75.0081
0.0,0.0,0.00015661918,223.0,172.5082,207.4144,241.61713,69.10893
0.0,0.0,3.2566113e-05,178.0,156.68396,193.69804,231.11702,74.43306
0.0,0.0,0.01802396,248.0,220.51755,244.26605,268.5462,48.028656
0.0,0.0,0.00024680543,228.0,176.46739,210.6678,244.21646,67.74907
0.0,0.0,0.0020648118,216.0,204.25339,231.2999,256.89075,52.63736
1.0,1.0,0.84161735,296.0,273.34302,283.5716,300.5315,27.188477
0.0,0.0,0.12634824,260.0,247.70393,263.258,280.25345,32.549515
0.0,0.0,9.813664e-05,179.0,166.59036,202.59016,236.41788,69.827515
0.0,0.0,0.00015504948,210.0,174.43642,209.03302,241.37807,66.94165
1.0,1.0,0.81129587,291.0,271.53745,282.43008,297.5675,26.03006
0.0,0.0,0.00044397326,207.0,181.59305,215.10207,245.97322,64.38017
0.0,0.0,0.00019602913,212.0,169.98964,205.27353,241.9286,71.938965
0.0,0.0,7.483552e-05,184.0,163.267,199.37408,235.68362,72.416626
1.0,1.0,0.99147403,320.0,287.3663,310.12286,348.52734,61.16104
1.0,1.0,0.99994373,382.0,301.9735,355.15744,415.31015,113.33664
0.0,0.0,0.028310519,252.0,218.36047,244.36032,269.6988,51.338318
0.0,0.0,0.37650764,275.0,256.0514,271.99792,289.1963,33.144897
0.0,0.0,0.00036021898,216.0,188.72379,219.81308,247.3657,58.641922
0.0,0.0,0.0055894004,246.0,214.15019,239.02512,262.7741,48.623917
0.0,0.0,0.00025502246,209.0,179.78209,213.0656,244.17421,64.39212
1.0,1.0,0.8119736,283.0,272.76755,281.69525,297.41364,24.646088
1.0,1.0,0.92612326,293.0,278.58325,289.57452,313.80493,35.22168
0.0,0.0,3.27071e-05,168.0,161.18106,200.1619,233.25731,72.07625
1.0,1.0,0.97678065,308.0,283.34375,299.847,331.99664,48.652893
1.0,1.0,0.9479091,295.0,279.8927,291.76715,318.78165,38.888947
0.0,0.0,4.147209e-05,172.0,159.93015,196.60818,232.43726,72.50711
0.0,0.0,4.354626e-05,199.0,159.46878,196.28842,234.0424,74.57362
0.0,0.0,0.003345504,237.0,211.71884,237.1474,260.76825,49.049408
0.0,0.0,0.020811543,237.0,215.83417,244.0207,269.89874,54.064575
1.0,1.0,0.9962406,308.0,289.36884,316.97345,359.85693,70.4881
0.0,0.0,0.004075381,238.0,198.20706,230.26054,259.16696,60.9599
0.0,0.0,0.0001726285,184.0,178.492,213.3604,242.96329,64.47128
0.0,0.0,0.00018343198,207.0,173.75482,208.38036,241.68816,67.933334
0.0,0.0,0.031040676,248.0,226.16742,251.38603,272.72943,46.56201
0.0,0.0,0.24439213,262.0,252.92793,267.59622,284.2477,31.319778
0.0,0.0,0.00021018127,201.0,183.90405,216.47964,244.38527,60.481216
0.0,0.0,0.016784742,258.0,219.13683,244.55833,268.88293,49.74611
0.0,0.0,0.0034072404,239.0,201.58919,230.45343,258.9455,57.356308
1.0,1.0,0.8479146,283.0,271.8927,285.06848,302.64172,30.749023
0.0,0.0,0.00015638102,184.0,174.49304,211.51682,242.29346,67.800415
1.0,1.0,0.8433659,287.0,271.65332,284.5121,302.896,31.242676
1.0,1.0,0.9399856,306.0,279.96484,292.38763,318.2921,38.32727
0.0,0.0,0.0019500435,218.0,197.9273,226.9405,255.15234,57.225037
1.0,1.0,0.9999988,454.0,312.58136,387.88437,454.37054,141.78918
0.0,0.0,0.46591726,276.0,261.5073,275.66757,290.4256,28.918304
0.0,0.0,0.00013564761,198.0,164.31686,204.05185,240.08366,75.7668
0.0,0.0,0.0005530113,221.0,187.80023,219.65028,248.64343,60.8432
1.0,1.0,0.94835484,290.0,280.93915,292.28152,319.27554,38.336395
1.0,1.0,0.99983656,356.0,298.66284,345.71307,403.46313,104.80029
0.0,0.0,0.00016048046,182.0,162.03043,201.96327,239.497,77.46657
0.0,0.0,0.0014827776,229.0,193.64279,224.00676,254.06122,60.418427
0.0,0.0,0.0004240795,211.0,191.59956,221.44873,248.64412,57.044556
0.0,0.0,0.17559345,247.0,224.66908,258.00128,280.53857,55.86949
1.0,1.0,0.9970771,327.0,289.7603,319.32654,363.3689,73.60858
1.0,1.0,0.94875306,301.0,280.14758,293.91455,319.80374,39.65616
0.0,0.0,0.0708134,252.0,224.09718,254.26572,276.20673,52.109543
0.0,1.0,0.56111944,271.0,262.92047,276.4898,290.89838,27.977905
0.0,0.0,0.009179128,221.0,203.63379,235.48056,264.2498,60.615997
0.0,0.0,0.002832849,224.0,194.1579,227.42145,257.3106,63.15271
0.0,0.0,0.00043477965,202.0,192.46326,222.2461,248.77467,56.311417
1.0,1.0,0.97227657,306.0,283.9646,301.0083,334.1516,50.18701
0.0,0.0,0.0001197201,186.0,166.46959,202.15555,238.04738,71.57779
0.0,0.0,0.003147749,230.0,203.38104,232.99098,259.62442,56.243378
1.0,1.0,0.9360865,296.0,280.0545,291.02124,316.88953,36.835022
0.0,0.0,0.00096626714,226.0,194.94437,224.56546,252.11018,57.165817
0.0,0.0,0.009202941,242.0,222.70538,245.70442,266.76447,44.059082
0.0,0.0,9.254864e-06,165.0,147.56346,184.96056,223.92886,76.3654
0.0,0.0,0.006085374,242.0,212.56082,238.56805,262.9107,50.349884
0.0,0.0,0.0014195964,224.0,189.83691,222.79355,252.97154,63.13463
0.0,0.0,0.28961447,271.0,254.00069,269.02628,285.70856,31.70787
0.0,0.0,0.0003219312,211.0,175.93106,210.16052,244.81618,68.88512
0.0,0.0,0.12950407,273.0,231.97192,258.58066,281.3458,49.37387
1.0,1.0,0.9306052,303.0,279.11005,290.0664,314.69366,35.58362
0.0,0.0,0.054830994,258.0,229.37698,251.62411,275.06885,45.691864
0.0,0.0,0.0017060749,232.0,187.94373,221.86752,253.96602,66.02229
0.0,0.0,0.0012227253,226.0,189.96356,221.5878,252.45898,62.495422
1.0,1.0,0.9991866,355.0,293.7476,330.81015,381.73178,87.98419
0.0,0.0,0.017010512,235.0,227.06564,248.65515,269.79492,42.72928
0.0,0.0,0.00013972957,207.0,170.31671,205.4184,240.30635,69.98964
1.0,0.0,0.47932318,286.0,255.70396,272.0322,290.3893,34.68535
0.0,0.0,0.00010918753,185.0,167.04787,202.81778,237.54614,70.498276
1.0,1.0,0.999537,329.0,295.51685,336.53665,389.87082,94.35397
0.0,0.0,0.001828103,199.0,185.37766,221.70584,254.46306,69.0854
0.0,0.0,0.00012621796,190.0,169.83897,205.33453,238.9033,69.06433
0.0,0.0,0.0003130623,204.0,178.91017,212.4001,244.3026,65.392426
0.0,0.0,1.3072377e-05,165.0,143.48524,184.22763,224.88853,81.40329
0.0,0.0,0.0033671695,242.0,199.08693,229.01013,258.63785,59.55092
0.0,0.0,0.00020573987,193.0,173.68845,208.71283,241.27553,67.58708
0.0,0.0,0.24961121,273.0,247.84143,268.08026,285.3208,37.47937
0.0,0.0,0.0007571421,207.0,197.29788,226.0291,251.90814,54.61026
0.0,0.0,0.0072841346,245.0,211.78488,237.75589,263.8018,52.016907
0.0,0.0,0.0033389437,240.0,200.45584,231.79457,259.6279,59.17206
1.0,1.0,0.6431937,281.0,261.93903,277.38025,292.0381,30.09906
0.0,0.0,0.0003431323,196.0,179.25134,213.05215,244.59512,65.34378
0.0,0.0,0.00059627625,227.0,187.94504,219.70177,249.1315,61.186462
0.0,0.0,0.0447355,248.0,239.09036,256.9322,275.30435,36.21399
1.0,1.0,0.9639974,309.0,282.4332,296.04584,325.41528,42.982086
1.0,1.0,0.74411416,283.0,263.4037,281.0738,296.8864,33.482727
0.0,0.0,0.08382763,229.0,207.71603,250.50177,274.39755,66.68152
0.0,0.0,1.4315561e-05,172.0,150.2215,187.3061,226.42775,76.20625
0.0,0.0,0.0012396271,207.0,196.23497,226.61884,253.83844,57.60347
1.0,1.0,0.99998546,382.0,304.9265,366.85104,431.17108,126.24457
0.0,0.0,4.1796353e-05,171.0,159.4432,196.03688,232.19241,72.74921
0.0,0.0,0.0007126392,203.0,177.44843,214.89935,248.60709,71.15866
0.0,0.0,0.016200462,239.0,217.04834,244.37308,268.16565,51.11731
0.0,0.0,0.014096611,249.0,221.61423,245.89949,268.3803,46.766083
1.0,1.0,0.99145937,314.0,286.5962,309.2018,347.76147,61.165283
0.0,0.0,4.735733e-06,131.0,140.92735,179.29175,218.78345,77.856094
1.0,1.0,0.9999857,409.0,305.90875,368.11694,432.09274,126.18399
0.0,0.0,0.00035563792,205.0,179.1391,212.93352,244.83008,65.69098
1.0,1.0,0.9402764,302.0,279.469,291.317,317.23917,37.770172
1.0,1.0,0.9998204,354.0,298.26065,344.53564,401.3214,103.06076
0.0,0.0,0.008336582,249.0,215.19302,240.31563,264.85175,49.658722
0.0,0.0,0.04422096,254.0,231.04265,255.03746,274.99738,43.954727
0.0,0.0,0.00017314298,193.0,171.78363,207.36594,240.50824,68.72461
0.0,0.0,0.013147831,243.0,227.14882,249.22986,269.26624,42.117416
0.0,0.0,1.955682e-05,172.0,153.6738,190.75407,228.36673,74.69293
0.0,0.0,0.01375073,248.0,224.10541,246.23383,268.0678,43.962402
0.0,0.0,0.003801916,242.0,215.94638,240.34045,262.23584,46.28946
0.0,0.0,0.012378834,242.0,217.42542,242.31964,266.40292,48.97751
0.0,0.0,0.0016930541,202.0,193.95758,225.28455,254.15672,60.199142
1.0,0.0,0.46265185,278.0,255.19675,271.63794,290.10718,34.91043
0.0,0.0,0.029709002,255.0,234.55664,255.47932,273.5742,39.017548
0.0,0.0,0.00044337398,202.0,181.3424,214.91943,246.0901,64.747696
0.0,0.0,0.065853514,262.0,242.5698,259.45685,276.75754,34.187744
0.0,0.0,0.0005066459,217.0,182.61195,215.82181,247.69983,65.087875
0.0,0.0,8.93472e-05,179.0,165.65149,201.37898,236.48775,70.83626
0.0,0.0,0.010573891,253.0,225.23752,246.82324,267.8073,42.569794
0.0,0.0,0.00021174316,213.0,173.92218,208.3958,242.80644,68.88426
0.0,0.0,0.020757211,170.0,190.11636,237.25902,264.99316,74.8768
0.0,0.0,6.82768e-05,184.0,163.58835,200.12761,234.92032,71.33197
0.0,0.0,0.004860588,244.0,220.33011,242.64,263.99625,43.666138
1.0,0.0,0.39186716,279.0,256.10876,271.89307,288.81677,32.708008
1.0,0.0,0.4933181,288.0,249.93036,272.1927,289.74768,39.81732
0.0,0.0,0.0006208716,222.0,186.27913,218.56906,249.10112,62.82199
1.0,1.0,0.94623023,313.0,280.06747,292.6325,319.935,39.867523
1.0,1.0,0.9888249,324.0,286.2411,306.78018,343.7175,57.47641
1.0,1.0,0.95893097,296.0,281.77167,294.51993,323.56287,41.7912
0.0,0.0,0.4049179,273.0,252.15985,270.8808,288.7058,36.54596
0.0,0.0,0.43302524,276.0,255.86813,272.12952,289.85205,33.983917
0.0,0.0,0.0021144876,232.0,196.72073,226.28899,255.95692,59.23619
1.0,1.0,0.99855274,344.0,292.35437,326.13788,374.4911,82.13672
0.0,1.0,0.60916144,269.0,266.12085,277.66034,292.30212,26.181274
1.0,1.0,0.98926497,322.0,286.04596,307.5077,344.15143,58.10547
0.0,0.0,0.0013452651,225.0,203.06787,230.56104,255.41447,52.346603
0.0,0.0,0.00028743994,214.0,176.6325,210.59093,244.71039,68.07788
0.0,0.0,9.979156e-08,99.0,121.74309,157.60141,199.01788,77.274796
0.0,0.0,0.095115945,229.0,210.396,251.85495,275.4607,65.0647
0.0,0.0,0.0008098369,205.0,176.65074,214.36389,249.17708,72.52634
1.0,1.0,0.9997832,339.0,297.19562,342.6696,399.4656,102.26999
0.0,0.0,0.24188241,263.0,251.21619,268.39087,286.16727,34.95108
0.0,0.0,0.0019096468,231.0,208.25433,234.2495,257.84253,49.588196
0.0,0.0,0.01081504,216.0,213.57443,240.54163,265.6453,52.07086
0.0,0.0,0.00014498897,196.0,175.52812,209.92816,241.29381,65.765686
0.0,0.0,7.328363e-05,193.0,166.33841,202.1423,236.62547,70.28706
0.0,0.0,1.3322706e-05,159.0,143.905,184.76639,225.3295,81.4245
1.0,1.0,0.99542195,321.0,288.42194,314.97873,357.1229,68.70096
0.0,0.0,0.00048516435,205.0,187.76285,220.63264,249.01859,61.255737
1.0,1.0,0.86886513,287.0,274.31042,285.0374,304.00604,29.695618
1.0,1.0,0.9548904,299.0,281.7787,297.00214,326.76294,44.984253
0.0,0.0,0.00010284122,204.0,181.2492,213.81302,241.27634,60.02713
0.0,0.0,0.00023563024,209.0,175.81989,210.09605,243.06523,67.245346
0.0,0.0,0.19727962,263.0,246.9329,264.05804,283.89014,36.95723
0.0,0.0,0.0018358128,202.0,197.51157,228.40723,255.84499,58.33342
1.0,1.0,0.98186904,307.0,284.35098,302.03397,336.09723,51.746246
1.0,1.0,0.999943,363.0,301.07657,355.20685,416.0325,114.95593
0.0,0.0,0.002872427,238.0,194.79971,227.30675,257.1667,62.366974
0.0,0.0,0.05667461,237.0,240.1535,258.43585,277.2824,37.128906
0.0,0.0,3.3087454e-05,181.0,156.5524,193.30399,231.05013,74.49773
0.0,0.0,0.0060873064,229.0,203.49155,235.02332,262.60294,59.11139
1.0,1.0,0.95042425,286.0,280.82553,292.5102,320.55786,39.73233
1.0,1.0,0.99590117,319.0,289.0327,316.32086,358.4328,69.400085
1.0,1.0,0.6304544,282.0,263.21967,276.9533,291.41663,28.19696
0.0,0.0,1.6863243e-05,162.0,148.38927,186.59186,225.6122,77.22293
0.0,0.0,0.00031918377,204.0,180.63193,213.89809,245.2749,64.642975
0.0,0.0,0.0066613005,244.0,216.97777,240.98787,264.14752,47.169754
0.0,0.0,0.00019024221,197.0,171.66708,206.7974,240.73344,69.06636
1.0,1.0,0.97553,300.0,284.49255,302.1765,335.66364,51.17108
1.0,1.0,0.92115897,282.0,278.2943,292.1146,317.47205,39.177734
1.0,1.0,0.9306052,303.0,279.11005,290.0664,314.69366,35.58362
0.0,0.0,0.019292317,250.0,225.6115,247.89085,269.36926,43.757767
1.0,1.0,0.9951904,317.0,288.27368,314.29544,356.1996,67.9259
0.0,0.0,0.0014405429,219.0,195.50262,225.65057,253.64635,58.143723
1.0,1.0,0.999985,396.0,305.4546,366.29892,430.1956,124.741
0.0,0.0,0.01991345,258.0,231.96791,250.97229,270.81757,38.849655
0.0,0.0,0.00025295198,196.0,172.15329,209.54758,243.04517,70.89188
0.0,0.0,0.0015943318,242.0,208.99341,234.14917,257.36304,48.36963
0.0,0.0,0.0015777715,231.0,200.2956,228.67354,255.21156,54.91597
0.0,0.0,0.0031991987,242.0,202.03293,230.70233,259.0536,57.02066
0.0,0.0,0.024895579,249.0,224.7131,248.9192,271.0688,46.355682
0.0,0.0,9.2303904e-05,186.0,165.96109,201.49173,237.26991,71.30882
0.0,0.0,0.00015141931,211.0,168.77814,203.76141,240.12645,71.34831
0.0,0.0,0.06426549,262.0,241.92952,259.0258,276.6189,34.689377
0.0,0.0,9.730157e-06,138.0,145.11287,183.3066,222.28946,77.17659
0.0,0.0,0.0012805882,211.0,199.0664,227.94006,254.34036,55.273956
0.0,0.0,0.22664595,273.0,246.6566,267.3716,284.68637,38.02977
0.0,0.0,0.051000822,254.0,237.65836,258.13425,276.54504,38.88669
0.0,0.0,0.0005145145,210.0,186.29782,218.1495,247.69598,61.398163
1.0,1.0,0.9998104,361.0,298.09418,344.0513,400.63492,102.54074
1.0,1.0,0.98471385,324.0,284.87976,303.73788,338.92493,54.045166
0.0,0.0,0.00016088663,183.0,171.2904,206.67195,239.65646,68.36606
1.0,1.0,0.99998176,393.0,305.25543,364.7056,428.10617,122.85074
1.0,1.0,0.99436945,331.0,287.6765,313.30823,353.95184,66.27533
1.0,1.0,0.9890949,310.0,285.89825,306.9494,343.98523,58.086975
0.0,0.0,0.00061982096,217.0,183.65332,216.6032,248.59552,64.9422
0.0,0.0,0.00022425465,221.0,175.5299,209.86531,243.6682,68.13829
1.0,1.0,0.95824957,299.0,281.67255,297.7415,328.37756,46.705017
0.0,0.0,0.00020569295,185.0,166.9147,205.87633,241.28906,74.37436
1.0,1.0,0.9999634,389.0,302.97104,359.1161,421.42422,118.453186
1.0,1.0,0.7245977,288.0,267.27972,279.08478,293.78336,26.503632
0.0,0.0,0.0020739636,219.0,196.90155,228.63411,256.5417,59.640137
0.0,0.0,0.09986931,246.0,211.43533,252.45847,275.84146,64.40613
0.0,0.0,0.00038126882,203.0,183.76309,217.13954,246.91966,63.15657
0.0,0.0,1.3986694e-05,163.0,150.07782,187.25226,226.21739,76.13957
0.0,0.0,6.48093e-06,158.0,152.24266,190.2067,224.23499,71.992325
0.0,0.0,4.962738e-05,181.0,166.98079,203.83421,235.48987,68.50908
0.0,0.0,0.000111759284,205.0,168.05377,203.61424,239.1393,71.085526
0.0,0.0,0.006208914,228.0,206.11447,235.9308,262.5306,56.416138
0.0,0.0,0.0006924806,222.0,188.79907,220.21786,249.64618,60.847107
0.0,0.0,0.00039655704,198.0,181.25664,214.60097,245.50774,64.2511
1.0,1.0,0.6505777,283.0,263.686,277.79883,292.07202,28.386017
1.0,1.0,0.8150276,286.0,270.1454,282.61957,298.71118,28.565796
0.0,0.0,0.002577483,240.0,199.36359,228.75981,257.80023,58.436646
0.0,0.0,0.00030923536,222.0,178.67636,212.6766,245.3502,66.67384
0.0,0.0,0.0029709365,225.0,193.82144,227.4136,257.55988,63.738434
1.0,1.0,0.9910506,310.0,286.71497,309.0056,347.2163,60.501343
1.0,1.0,0.8539512,290.0,274.9668,284.48444,302.0138,27.046997
0.0,0.0,0.0010369102,221.0,199.47711,228.26195,253.74956,54.272446
0.0,0.0,0.00066411024,224.0,185.48166,217.60986,249.39076,63.909103
0.0,0.0,0.000108667344,197.0,162.13823,201.9125,238.29366,76.155426
0.0,0.0,0.046387136,261.0,239.81128,258.40857,276.4348,36.623535
1.0,1.0,0.81798023,288.0,272.90085,282.1006,297.94,25.039154
0.0,0.0,0.0020094544,235.0,191.60141,224.72842,255.1641,63.562683
1.0,1.0,0.9939196,322.0,288.3994,313.18613,353.74896,65.34955
0.0,0.0,0.000772737,238.0,186.8798,219.04887,250.73595,63.85614
1.0,1.0,0.9936056,304.0,287.5288,311.7707,352.04074,64.51193
1.0,1.0,0.9522799,292.0,281.02313,292.80865,320.83722,39.814087
1.0,1.0,0.99998295,414.0,304.74896,366.09668,429.6649,124.915924
0.0,0.0,0.0016982654,238.0,209.84216,235.53156,258.0071,48.164948
1.0,1.0,0.9999491,366.0,301.0949,355.57584,417.0642,115.9693
0.0,0.0,0.00013728904,193.0,166.19815,204.50887,239.52867,73.33052
1.0,1.0,0.9519075,290.0,281.88504,294.0078,321.29318,39.408142
1.0,1.0,0.9982863,344.0,292.15167,325.02863,372.41992,80.26825
0.0,0.0,0.00040431882,199.0,188.62564,219.73651,247.51447,58.888824
0.0,0.0,0.0014919285,212.0,198.16322,228.15211,254.99063,56.827408
1.0,1.0,0.9996158,362.0,296.65704,338.99588,393.14514,96.4881
1.0,1.0,0.75448143,283.0,269.68945,280.16003,294.66327,24.973816
0.0,0.0,0.00013873585,207.0,172.3219,207.16377,240.3756,68.053696
1.0,1.0,0.6480807,284.0,264.43286,277.5297,292.15808,27.72522
0.0,0.0,0.00059824187,208.0,193.8758,223.87106,250.3054,56.42961
0.0,0.0,0.1290172,237.0,217.2586,255.17883,278.01172,60.753113
0.0,0.0,0.0009830227,194.0,189.3602,221.9037,251.38426,62.024063
0.0,0.0,0.12835915,275.0,245.81204,265.81076,282.35312,36.541077
0.0,0.0,0.0006346872,224.0,183.92206,216.6449,248.70317,64.78111
1.0,1.0,0.99958795,370.0,295.46234,337.48987,391.10275,95.64041
0.0,0.0,0.17027885,268.0,250.77196,267.15625,283.96503,33.19307
1.0,1.0,0.99946827,344.0,296.42474,339.00348,392.7215,96.29675
0.0,0.0,0.00024773667,196.0,166.91452,206.01147,242.22043,75.30591
0.0,0.0,0.00011126113,202.0,176.05807,210.67784,240.66849,64.61041
1.0,1.0,0.9935183,337.0,287.47906,312.1007,352.1989,64.71985
0.0,0.0,0.021933198,259.0,233.14561,253.54193,272.24023,39.09462
1.0,1.0,0.6601884,285.0,264.14697,277.77325,292.2047,28.05774
0.0,0.0,0.00026677252,188.0,167.06458,206.31976,242.58667,75.522095
0.0,0.0,0.00043758337,209.0,182.00809,215.44049,246.20882,64.20073
1.0,1.0,0.75974494,282.0,269.7111,279.6224,294.43265,24.721558
1.0,1.0,0.709961,280.0,263.87225,279.54382,294.45905,30.586792
1.0,1.0,0.8797741,283.0,274.0666,283.35275,304.104,30.037415
0.0,0.0,0.19727962,263.0,246.9329,264.05804,283.89014,36.95723
1.0,1.0,0.9743033,312.0,283.61636,299.63962,331.83945,48.223083
0.0,0.0,0.035018846,246.0,231.53067,252.3926,273.84467,42.313995
0.0,0.0,1.5534693e-05,167.0,154.58957,192.39883,228.09561,73.50604
0.0,0.0,0.000464171,216.0,175.1456,212.64764,246.55472,71.40912
0.0,0.0,0.0018467921,212.0,188.366,223.75766,254.8456,66.4796
0.0,0.0,0.097600095,262.0,233.8418,256.53882,279.62485,45.78305
0.0,0.0,8.5470376e-05,205.0,165.75781,201.69266,237.78015,72.02234
0.0,0.0,0.0006303531,210.0,189.32025,221.23369,249.9126,60.592346
0.0,0.0,0.0014125125,231.0,193.62224,224.3209,253.69528,60.073044
0.0,0.0,0.2233993,262.0,230.87593,260.8758,282.72113,51.8452
0.0,0.0,0.00037419816,205.0,182.93802,215.69011,246.28897,63.350952
0.0,0.0,1.0025456e-05,156.0,153.3306,191.02704,226.33847,73.00787
0.0,0.0,2.6797326e-05,170.0,162.52745,199.127,232.09431,69.566864
1.0,1.0,0.8185607,289.0,270.94083,282.57065,299.49847,28.557648
0.0,0.0,0.0013947556,226.0,197.80383,226.77597,254.0481,56.244263
0.0,0.0,0.00021018127,201.0,183.90405,216.47964,244.38527,60.481216
1.0,1.0,0.8369986,296.0,273.63495,283.55432,301.46594,27.830994
0.0,0.0,5.874848e-05,169.0,155.74954,195.96951,233.66725,77.91771
1.0,1.0,0.9996809,354.0,296.27228,339.60095,394.33347,98.06119
0.0,0.0,0.0006923734,223.0,186.95782,219.15527,249.6222,62.664368
0.0,0.0,0.00042668346,226.0,180.58359,214.28246,247.12561,66.54202
1.0,1.0,0.9174206,280.0,276.34845,291.35095,315.91376,39.565308
0.0,0.0,0.000115089104,204.0,170.69293,205.78412,239.3137,68.62077
0.0,0.0,4.5962162e-05,196.0,161.0046,198.15405,234.55986,73.55527
0.0,0.0,0.001708278,225.0,198.51483,227.76709,255.12349,56.608658
0.0,0.0,0.0022438532,240.0,197.81152,227.50279,257.00397,59.192444
0.0,0.0,0.0023537446,216.0,199.85297,228.48495,256.32037,56.467407
0.0,0.0,7.768168e-05,192.0,172.38611,207.20058,238.24644,65.86034
0.0,0.0,0.24961121,274.0,247.84143,268.08026,285.3208,37.47937
1.0,1.0,0.9941549,310.0,288.06638,313.02112,353.4284,65.36203
0.0,0.0,0.0068889987,244.0,215.55844,240.81874,264.32556,48.76712
0.0,0.0,0.0046370104,225.0,205.16833,233.02298,259.97723,54.8089
0.0,0.0,0.18995132,271.0,239.19331,261.9668,283.40338,44.210068
0.0,0.0,0.005684885,244.0,214.57712,239.31235,263.01233,48.43521
0.0,0.0,0.0021513903,225.0,209.6771,235.55438,258.70068,49.02359
1.0,1.0,0.9990833,347.0,293.23016,330.16382,380.01297,86.78281
0.0,0.0,1.2706646e-05,153.0,146.59299,184.94722,224.19261,77.599625
0.0,0.0,0.00054691726,208.0,171.99973,210.4012,246.19139,74.191666
0.0,0.0,0.0021971685,231.0,209.4385,234.92897,258.62408,49.185577
0.0,0.0,0.013622681,248.0,213.63708,239.27298,266.41382,52.776733
0.0,0.0,0.012105438,253.0,227.16953,249.3783,269.0515,41.88199
0.0,0.0,0.012763609,244.0,217.15958,241.91664,266.48477,49.325195
1.0,1.0,0.98141986,298.0,284.33154,301.6844,335.8997,51.568146
0.0,0.0,0.000579796,206.0,192.09389,223.57848,250.37265,58.278763
0.0,0.0,5.7232763e-05,177.0,159.57907,196.73029,233.47339,73.89432
0.0,0.0,0.000262514,198.0,177.40953,211.34845,243.34787,65.93834
0.0,0.0,0.00019430948,200.0,169.35207,207.13599,241.54527,72.19321
0.0,0.0,0.00017207123,213.0,171.91655,206.70132,241.60399,69.68744
0.0,0.0,2.0190937e-06,135.0,138.4419,176.49945,215.20926,76.767365
1.0,1.0,0.941724,294.0,280.23578,292.19055,318.5025,38.266724
0.0,0.0,0.00053042104,219.0,189.36533,220.23839,248.7533,59.38797
1.0,1.0,0.9942577,338.0,287.84247,313.2318,354.04727,66.2048
0.0,0.0,4.9226215e-05,166.0,159.87628,197.43109,232.61942,72.74313
0.0,0.0,1.6952183e-05,158.0,147.20892,187.57726,226.32343,79.1145
0.0,0.0,0.00038126882,203.0,183.76309,217.13954,246.91966,63.15657
0.0,0.0,0.00566161,216.0,197.93507,231.40387,261.43878,63.503708
0.0,0.0,0.00014814243,181.0,166.89908,204.18982,238.60335,71.70427
1.0,1.0,0.88116074,294.0,273.71436,286.1621,307.62012,33.90576
0.0,0.0,0.00074407755,219.0,190.9036,221.65543,250.41367,59.51007
1.0,0.0,0.4880606,288.0,249.59886,271.99646,289.66205,40.063187
0.0,0.0,0.00068050146,214.0,185.53662,217.70782,248.56737,63.030746
0.0,0.0,0.00012210656,186.0,169.08669,204.38286,238.66672,69.58003
1.0,1.0,0.99248356,312.0,287.22653,310.6256,349.9134,62.68686
0.0,0.0,2.7071728e-05,172.0,158.8715,195.58905,230.21938,71.34787
0.0,0.0,0.0012287713,220.0,187.1245,220.7987,251.50417,64.37967
0.0,0.0,0.070712194,269.0,241.85605,261.25308,278.79486,36.938812
0.0,0.0,0.00014363753,204.0,171.27097,206.39792,240.38937,69.11841
1.0,1.0,0.9465505,294.0,280.82422,292.53918,319.2815,38.457275
1.0,1.0,0.95662355,306.0,281.41022,297.3243,327.69366,46.283447
0.0,0.0,0.00089577015,198.0,182.1583,218.46211,250.4247,68.2664
0.0,0.0,0.0004138756,217.0,182.0089,215.18256,246.61998,64.611084
1.0,1.0,0.91672367,294.0,277.70245,289.63928,313.02393,35.321472
0.0,0.0,0.15272814,269.0,243.6372,263.20532,282.3481,38.710907
0.0,0.0,0.00056844694,191.0,184.526,218.2005,248.39792,63.871918
0.0,0.0,0.00021825724,191.0,174.34262,208.76216,242.00655,67.663925
0.0,0.0,1.1091083e-05,158.0,154.04967,191.86255,226.75864,72.70897
0.0,1.0,0.5164888,274.0,256.9005,274.61148,290.9273,34.026794
0.0,0.0,0.0014411748,240.0,191.40286,222.32123,253.88937,62.48651
0.0,0.0,0.005248841,237.0,218.38416,242.73871,264.0683,45.684143
0.0,0.0,2.8400018e-05,161.0,149.64473,189.6134,228.51813,78.8734
0.0,0.0,3.2952196e-06,118.0,137.00923,175.54411,215.89407,78.88484
0.0,0.0,0.00015511912,186.0,171.53485,206.72568,239.54942,68.01457
0.0,0.0,0.002570252,247.0,215.07321,239.58075,260.74387,45.670654
0.0,0.0,0.048889276,258.0,234.9581,256.9786,276.15576,41.197662
0.0,0.0,5.2517335e-05,157.0,157.24747,198.0885,234.50739,77.25992
0.0,0.0,0.00036306377,207.0,179.6637,213.27911,245.19286,65.52916
0.0,0.0,8.731938e-05,196.0,161.80188,200.93542,236.94733,75.14545
0.0,0.0,0.0005978958,209.0,181.87561,215.04262,247.83727,65.961655
0.0,0.0,0.0016930541,208.0,193.95758,225.28455,254.15672,60.199142
0.0,0.0,0.07034692,268.0,234.5569,259.13217,278.05502,43.498123
1.0,0.0,0.33003736,281.0,250.34932,269.17328,287.89752,37.548203
0.0,0.0,1.6033063e-07,103.0,123.76984,160.12708,201.2652,77.49536
0.0,0.0,9.679164e-05,194.0,172.07967,207.48138,238.71707,66.637405
0.0,0.0,0.011418597,246.0,214.3331,241.6969,266.9676,52.63449
0.0,0.0,0.0018668878,199.0,185.34416,221.63293,254.44038,69.09622
0.0,0.0,0.00017021174,206.0,172.99994,207.88812,241.43582,68.43588
1.0,1.0,0.98897654,301.0,285.7497,306.62396,343.73682,57.98712
1.0,1.0,0.9999422,368.0,301.06998,354.84488,415.61768,114.5477
0.0,0.0,0.0020129173,218.0,202.66428,230.55827,256.66962,54.00534
1.0,1.0,0.94556016,299.0,280.18265,293.125,319.02567,38.843018
0.0,0.0,1.2975128e-05,139.0,146.62003,185.90262,223.88103,77.261
0.0,0.0,0.0016084466,225.0,186.29106,221.36502,253.91383,67.62277
1.0,1.0,0.9830741,305.0,284.67743,303.0326,337.3844,52.70697
0.0,0.0,0.1087198,250.0,238.25894,259.1938,280.25952,42.00058
0.0,0.0,0.11851552,258.0,247.3171,264.7945,281.99774,34.68065
0.0,0.0,0.0001775219,198.0,173.03906,207.93457,240.82744,67.788376
0.0,0.0,0.23067804,271.0,241.77924,265.42072,284.97858,43.19934
0.0,0.0,0.49802312,276.0,259.0611,274.58807,290.36414,31.30304
0.0,0.0,3.9444658e-05,173.0,158.0538,195.16948,231.3411,73.28729
0.0,0.0,0.32616997,268.0,257.0681,271.50916,287.88025,30.812134
1.0,1.0,0.95510894,290.0,280.78482,293.41687,321.90738,41.12256
0.0,0.0,0.20177366,274.0,227.63246,260.22797,282.1714,54.538925
1.0,1.0,0.9991966,355.0,293.55795,330.99164,381.72174,88.16379
1.0,1.0,0.6204458,282.0,262.02753,276.89423,291.5503,29.522766
0.0,0.0,0.0025655327,221.0,200.70578,229.12167,256.8105,56.104706
1.0,1.0,0.99271977,312.0,286.9729,310.48755,350.16473,63.191833
0.0,0.0,0.013225653,257.0,225.97736,248.57584,268.99835,43.020996
0.0,0.0,0.00038616173,204.0,181.21896,214.70897,245.55922,64.340256
0.0,0.0,0.0015590986,230.0,205.92029,232.61604,256.66165,50.741364
0.0,0.0,3.4460758e-05,164.0,151.4239,191.24738,229.67749,78.253586
0.0,0.0,0.00096021744,193.0,180.98721,217.57559,250.1658,69.17859
1.0,1.0,0.8479146,283.0,271.8927,285.06848,302.64172,30.749023
0.0,0.0,0.0012173617,224.0,186.20874,220.94214,252.31653,66.10779
0.0,0.0,0.0031991987,237.0,202.03293,230.70233,259.0536,57.02066
0.0,0.0,0.15320939,128.0,222.2516,256.40494,279.20917,56.957565
0.0,1.0,0.521947,276.0,258.64795,274.2752,290.56873,31.920776
0.0,0.0,0.12467649,263.0,229.36891,257.6929,279.73016,50.36125
0.0,0.0,0.00018966134,209.0,174.27408,208.80412,242.29886,68.02478
0.0,0.0,0.0005978958,214.0,181.87561,215.04262,247.83727,65.961655
0.0,0.0,0.027605865,253.0,230.49861,251.13501,271.6958,41.19719
0.0,0.0,0.0030803196,226.0,194.33934,227.79085,257.77023,63.430893
1.0,1.0,0.9417999,302.0,280.11884,291.8841,318.02008,37.901245
0.0,0.0,0.0008139326,232.0,185.50581,218.50935,250.41478,64.908966
1.0,1.0,0.99997663,396.0,303.75296,363.10782,426.1397,122.38675
0.0,0.0,2.8985833e-06,126.0,137.0658,177.72739,218.06938,81.003586
0.0,0.0,0.00029573287,200.0,178.01973,212.0774,243.5394,65.51967
0.0,0.0,0.0001293498,193.0,169.4823,205.08395,238.8058,69.3235
1.0,1.0,0.9954757,312.0,288.2218,314.58267,356.941,68.71921
0.0,0.0,0.002017335,230.0,204.9184,231.84123,257.0822,52.16382
0.0,0.0,0.00040403949,212.0,179.49222,212.81131,246.31026,66.81804
1.0,1.0,0.9406799,292.0,279.3191,290.47305,317.02356,37.704468
0.0,0.0,8.6347434e-05,198.0,158.20639,198.14584,235.80817,77.601776
0.0,0.0,0.004583059,235.0,200.65228,229.7312,258.8587,58.20642
1.0,1.0,0.94013834,299.0,279.93738,292.12387,317.56372,37.626343
0.0,0.0,0.0034207853,246.0,200.13367,228.98601,258.86707,58.7334
0.0,0.0,1.032877e-05,177.0,149.23541,186.60988,225.4699,76.23448
1.0,1.0,0.9999856,404.0,305.89703,366.7006,430.5612,124.664154
1.0,1.0,0.97902316,323.0,283.94568,300.94214,334.12766,50.181976
0.0,0.0,0.029809507,258.0,236.01949,254.14586,272.97217,36.952682
1.0,0.0,0.3630457,279.0,255.27336,271.9314,288.83057,33.557205
0.0,0.0,0.0052335635,238.0,210.55853,236.95647,261.8622,51.30368
0.0,0.0,0.0037707407,230.0,200.48729,229.5757,258.82236,58.335068
1.0,1.0,0.6877641,282.0,263.734,278.9002,293.35706,29.623047
0.0,0.0,0.00039838738,186.0,174.31166,209.4868,243.54617,69.23451
0.0,0.0,0.0026532412,217.0,192.25931,226.72697,257.01065,64.75134
1.0,1.0,0.9998869,347.0,299.40594,348.4592,407.2052,107.799255
1.0,1.0,0.9996476,356.0,296.66785,339.38474,394.0788,97.41095
0.0,0.0,8.295787e-05,193.0,175.78496,210.24197,239.48526,63.700302
0.0,0.0,0.18042187,262.0,224.89885,258.95514,280.99353,56.09468
0.0,0.0,0.035018846,246.0,231.53067,252.3926,273.84467,42.313995
0.0,0.0,0.00052742264,221.0,195.40598,225.1171,250.59985,55.19388
0.0,0.0,0.0041705905,239.0,209.1,235.64647,260.67914,51.579132
0.0,0.0,0.00010247178,186.0,166.91306,202.48114,237.27202,70.35896
1.0,1.0,0.69499373,293.0,263.15747,278.32205,293.40454,30.24707
0.0,0.0,0.0002691813,197.0,172.50786,209.88252,243.38454,70.87668
0.0,0.0,0.012972639,255.0,227.6869,250.24377,269.5182,41.831284
1.0,1.0,0.99957055,354.0,296.3484,337.9826,391.6747,95.326324
0.0,0.0,0.010423507,239.0,221.34076,244.20631,266.88702,45.546265
0.0,0.0,0.0014919285,209.0,198.16322,228.15211,254.99063,56.827408
1.0,1.0,0.9912053,315.0,287.30026,309.54712,348.05606,60.7558
0.0,0.0,2.2164444e-05,163.0,151.8083,189.77817,227.80112,75.99281
1.0,1.0,0.9983973,331.0,291.3372,324.3986,372.28766,80.95047
1.0,1.0,0.98997515,306.0,285.9603,307.45667,345.25992,59.29962
0.0,0.0,0.0015412928,216.0,195.77838,225.30635,253.84126,58.06288
0.0,0.0,0.17714694,269.0,241.05692,262.84155,283.26324,42.20633
0.0,0.0,0.009021012,246.0,217.21875,241.69058,264.9958,47.77704
0.0,0.0,0.09849144,245.0,211.12997,252.29381,275.72278,64.592804
0.0,0.0,9.659773e-05,172.0,158.715,198.93677,236.59148,77.87648
1.0,1.0,0.9929946,313.0,287.57202,311.20514,350.56937,62.997345
1.0,1.0,0.85197324,292.0,274.68134,284.16895,302.80695,28.12561
0.0,0.0,2.6954827e-05,177.0,162.73044,200.07373,232.34988,69.619446
0.0,0.0,0.025472634,232.0,223.23703,246.74095,270.37036,47.13333
1.0,1.0,0.9212759,282.0,277.79633,291.8462,317.19968,39.40335
0.0,0.0,1.357411e-05,147.0,145.93524,185.3641,224.19438,78.25914
0.0,0.0,0.0017467636,237.0,193.33502,223.86688,254.99046,61.65544
0.0,0.0,0.00035563792,205.0,179.1391,212.93352,244.83008,65.69098
0.0,0.0,8.715313e-06,151.0,150.91386,189.58923,224.91786,74.004
0.0,0.0,0.00068356557,224.0,188.2688,219.95227,249.46193,61.19313
0.0,0.0,6.1541345e-05,212.0,163.47711,200.0121,236.65927,73.18216
0.0,1.0,0.7634087,274.0,271.11163,280.00113,294.85507,23.743439
0.0,0.0,0.00091939204,218.0,187.97206,219.67935,250.27585,62.303787
0.0,0.0,0.045553017,260.0,238.73659,259.3275,276.67032,37.93373
0.0,0.0,0.0020028586,226.0,195.93875,225.72836,254.98625,59.0475
1.0,1.0,0.99199885,301.0,287.2517,310.16275,348.73444,61.482727
0.0,0.0,0.00018708306,189.0,165.24289,204.6842,240.76042,75.51753
0.0,0.0,0.00056844694,191.0,184.526,218.2005,248.39792,63.871918
0.0,0.0,0.0009126121,222.0,199.59436,227.85854,253.2017,53.607346
1.0,0.0,0.20511432,280.0,250.2061,268.61383,284.42767,34.221573
1.0,0.0,0.3941804,279.0,258.49942,272.66068,289.24347,30.74405
0.0,0.0,0.00055543205,200.0,178.28976,214.73889,247.33977,69.05
0.0,0.0,0.102108255,255.0,245.18109,263.222,280.92633,35.74524
0.0,0.0,0.02410204,231.0,221.65552,245.84328,269.90533,48.249817
0.0,0.0,0.28624335,260.0,255.46872,270.20667,286.77875,31.310028
0.0,0.0,0.0008278211,236.0,187.93729,219.9218,251.11491,63.177628
0.0,0.0,0.16241245,268.0,254.49896,268.61356,284.38385,29.884888
0.0,0.0,0.0040525035,221.0,208.87436,236.02434,260.9125,52.038147
0.0,0.0,7.251312e-05,171.0,159.15208,199.10864,235.35802,76.20593
0.0,0.0,0.00025502246,209.0,179.78209,213.0656,244.17421,64.39212
1.0,1.0,0.65606797,288.0,263.9191,277.38672,292.16684,28.247742
0.0,0.0,0.035041034,251.0,236.60616,254.7401,274.21967,37.61351
1.0,1.0,0.9999397,357.0,301.1819,354.5232,415.28387,114.10199
0.0,0.0,0.0028765327,235.0,200.80923,229.68047,257.93933,57.130096
0.0,0.0,0.06812131,260.0,231.12724,255.6038,277.17142,46.044174
0.0,0.0,0.03550445,252.0,225.93283,252.28494,273.4515,47.518677
0.0,0.0,3.4220713e-05,167.0,155.95258,193.55667,230.0715,74.11893
0.0,0.0,0.00091343233,211.0,184.99481,217.68066,249.71005,64.71524
0.0,0.0,0.038811773,256.0,231.70566,254.15363,274.38995,42.684296
0.0,0.0,0.11831341,221.0,215.37587,253.46167,276.83972,61.463852
1.0,1.0,0.99900407,338.0,292.86615,329.25592,378.98184,86.11569
1.0,1.0,0.99832064,331.0,291.19006,324.13467,371.54166,80.35159
0.0,0.0,0.00025412612,199.0,177.17712,211.49265,243.06451,65.88739
0.0,0.0,0.0051196446,239.0,218.98975,243.13684,264.1272,45.13745
0.0,0.0,0.0011590978,234.0,191.90935,223.03685,253.26534,61.355988
0.0,0.0,0.0022994943,232.0,202.03145,230.3724,256.91214,54.88069
0.0,0.0,8.341439e-05,188.0,165.27817,201.51279,235.77231,70.49414
1.0,1.0,0.94224906,290.0,279.91086,292.45343,317.19293,37.282074
0.0,0.0,0.0020094544,235.0,191.60141,224.72842,255.1641,63.562683
0.0,0.0,0.0020739636,219.0,196.90155,228.63411,256.5417,59.640137
0.0,0.0,0.0004818192,210.0,188.01868,219.08958,247.83931,59.820633
0.0,0.0,4.287125e-05,182.0,158.97789,195.30768,232.66014,73.68225
0.0,0.0,0.00034914125,202.0,187.58064,218.36551,246.79019,59.20955
0.0,0.0,6.6390294e-07,108.0,127.68029,166.84145,209.06906,81.38877
0.0,0.0,0.00253069,217.0,200.956,230.50986,257.5115,56.55551
0.0,0.0,0.06927369,264.0,243.52194,259.86298,277.2633,33.741364
0.0,0.0,0.00081086735,229.0,195.16422,224.78154,251.70328,56.539062
0.0,0.0,0.0001138068,217.0,169.66046,205.01535,239.79196,70.1315
0.0,0.0,0.00028624322,209.0,178.4402,212.26918,244.42722,65.987015
1.0,1.0,0.99646086,317.0,289.17773,317.35944,360.9246,71.74686
0.0,0.0,3.853441e-05,179.0,165.6977,201.78696,234.15562,68.45793
1.0,1.0,0.99799263,331.0,291.9701,326.23172,374.04852,82.07843
0.0,0.0,0.26914516,274.0,236.02151,263.40027,284.31604,48.294525
0.0,0.0,0.18194634,271.0,225.08574,259.19427,281.23,56.14427
0.0,0.0,0.0050519025,240.0,210.90634,237.04773,261.78766,50.881317
1.0,1.0,0.9627801,292.0,281.95074,295.46887,324.80844,42.857697
0.0,0.0,0.11514996,240.0,214.6692,253.68999,276.90723,62.23802
1.0,1.0,0.7552619,293.0,269.5832,280.17828,294.68643,25.103241
0.0,0.0,0.0029104492,234.0,204.70135,232.28502,258.35715,53.655792
0.0,0.0,0.0027299824,212.0,193.66708,227.91783,257.70453,64.037445
0.0,0.0,0.006902508,250.0,209.8849,236.64888,263.7867,53.90181
0.0,0.0,0.008896167,232.0,216.19138,241.46979,265.6645,49.473114
1.0,1.0,0.902114,288.0,275.69525,290.07947,313.1854,37.490143
0.0,0.0,0.00034569768,198.0,182.66158,216.3053,246.30072,63.639145
0.0,0.0,0.0138439415,243.0,217.29755,243.60237,267.35828,50.06073
1.0,1.0,0.9306052,303.0,279.11005,290.0664,314.69366,35.58362
0.0,0.0,0.0131202955,248.0,224.78389,246.4763,268.15692,43.37303
0.0,0.0,0.0012183134,207.0,195.01248,227.03105,254.32086,59.30838
0.0,0.0,0.0018080504,227.0,199.18082,228.2675,255.46994,56.289124
1.0,1.0,0.9486801,294.0,281.03384,293.87924,320.24146,39.20761
0.0,0.0,0.0022946072,242.0,198.27365,227.76506,257.1452,58.87155
0.0,0.0,0.00027515157,186.0,178.2622,214.61838,245.20554,66.94333
0.0,0.0,0.0043803956,219.0,195.38403,229.25546,259.97784,64.59381
0.0,0.0,0.0024821444,235.0,203.88458,231.6953,257.54233,53.657745
1.0,1.0,0.9868967,311.0,285.27753,305.29596,340.94614,55.66861
0.0,0.0,0.016293954,261.0,212.8454,242.38843,268.48645,55.641052
0.0,0.0,0.000103972816,195.0,170.27536,205.26718,238.75908,68.48372
0.0,0.0,0.00021018127,201.0,183.90405,216.47964,244.38527,60.481216
1.0,1.0,0.99145937,314.0,286.5962,309.2018,347.76147,61.165283
0.0,0.0,0.00010267621,208.0,167.55179,203.03745,238.6449,71.09311
1.0,1.0,0.99999404,421.0,307.76526,375.01495,440.34918,132.58392
0.0,0.0,0.0010934544,227.0,191.39806,222.55109,252.2963,60.89824
0.0,0.0,0.00052742264,221.0,195.40598,225.1171,250.59985,55.19388
0.0,0.0,0.0013743084,205.0,185.48076,221.48438,253.11159,67.63083
1.0,1.0,0.70895165,279.0,268.61493,279.40985,293.6701,25.055176
0.0,0.0,0.0041705905,239.0,209.1,235.64647,260.67914,51.579132
0.0,0.0,0.15761526,261.0,244.38243,262.22443,282.47452,38.092087
1.0,1.0,0.99441296,333.0,288.96454,314.37024,355.35837,66.39383
1.0,1.0,0.5340211,278.0,262.42206,276.3499,290.17957,27.757507
0.0,0.0,0.13883208,267.0,245.65565,266.23886,283.03802,37.38237
0.0,0.0,7.399175e-06,147.0,147.37366,185.53981,222.31467,74.94101
0.0,0.0,0.00024409848,216.0,175.93822,210.06055,243.58083,67.64261
0.0,0.0,0.02759633,259.0,233.545,255.25185,273.5707,40.02571
0.0,0.0,0.0022973926,225.0,207.67465,234.35486,258.4241,50.74945
1.0,1.0,0.98561305,297.0,285.39148,304.44086,339.91202,54.52054
0.0,0.0,7.111774e-05,200.0,163.97401,199.88031,236.40475,72.43074
0.0,0.0,3.1161169e-06,137.0,137.64706,177.86122,217.62195,79.974884
0.0,0.0,0.00924402,249.0,214.26883,239.85097,265.26843,50.999603
1.0,1.0,0.9911067,303.0,286.5806,308.65094,347.30124,60.720642
1.0,1.0,0.91532797,290.0,277.50922,289.59888,312.81525,35.30603
0.0,0.0,0.40280983,267.0,263.17917,275.40625,290.27753,27.098358
1.0,1.0,0.9999255,361.0,300.9383,352.6224,412.35184,111.41354
0.0,0.0,0.0028310271,248.0,201.18777,229.98807,258.52344,57.335663
0.0,0.0,0.0747073,240.0,232.56906,255.2399,277.67694,45.10788
0.0,0.0,0.07093342,263.0,232.25621,254.88176,277.66312,45.406906
0.0,0.0,9.246035e-05,207.0,166.64563,202.25983,238.02585,71.38022
0.0,0.0,0.014697955,258.0,217.61237,243.33688,268.101,50.488647
1.0,1.0,0.980113,305.0,284.02893,301.36737,334.66406,50.63513
0.0,0.0,0.0021629394,223.0,188.107,223.14635,255.64256,67.53557
0.0,0.0,0.0014845182,233.0,206.81696,233.2773,256.75653,49.939575
1.0,1.0,0.98141986,298.0,284.33154,301.6844,335.8997,51.568146
0.0,0.0,0.0030385428,202.0,190.8803,226.07382,257.48456,66.60426
0.0,1.0,0.53348243,275.0,266.7459,276.93683,292.02173,25.275818
1.0,1.0,0.9820202,315.0,284.54398,302.7026,336.28488,51.740906
0.0,0.0,0.0014044839,204.0,199.0481,228.53326,254.77751,55.729416
0.0,0.0,0.0003151213,203.0,177.86781,212.29272,243.99773,66.12991
0.0,0.0,0.025755066,251.0,218.33904,245.54742,270.3081,51.96907
1.0,1.0,0.95850885,303.0,281.73206,294.28418,323.19168,41.459625
1.0,1.0,0.9300313,297.0,279.47443,291.1933,315.32495,35.850525
0.0,0.0,0.050921746,265.0,239.71988,259.37057,277.00946,37.28958
1.0,1.0,0.9486801,300.0,281.03384,293.87924,320.24146,39.20761
0.0,0.0,0.0024653126,235.0,201.22607,229.60071,256.98376,55.75769
0.0,0.0,0.025636863,259.0,228.23578,251.24922,272.0938,43.858032
1.0,1.0,0.78356683,279.0,271.7347,280.5549,295.77875,24.044037
1.0,1.0,0.96664685,292.0,282.40732,296.67123,326.77774,44.370422
0.0,0.0,0.004371081,241.0,208.5583,235.22354,261.08093,52.52263
1.0,1.0,0.65918857,282.0,264.0578,278.0119,292.1817,28.123901
0.0,0.0,0.00034993098,198.0,178.28,211.79272,244.64386,66.36386
0.0,0.0,3.5657304e-05,182.0,163.21082,199.64883,233.44392,70.23311
0.0,0.0,0.043488443,263.0,238.16142,259.41693,276.3985,38.237076
1.0,1.0,0.92415565,298.0,278.4666,292.51465,318.41473,39.94812
1.0,1.0,0.99671435,340.0,289.3331,318.5846,362.16104,72.82794
0.0,0.0,0.43808997,276.0,254.54222,271.77475,289.73627,35.194046
1.0,1.0,0.66239274,284.0,259.5248,277.94275,292.18893,32.664124
0.0,0.0,0.045382213,252.0,223.74883,252.4555,274.14026,50.391434
0.0,0.0,0.009292147,225.0,204.87103,236.3546,265.1303,60.259277
0.0,0.0,8.371736e-05,184.0,164.99301,200.66718,236.44847,71.45546
0.0,0.0,0.008849312,243.0,217.61536,241.8287,264.95093,47.33557
1.0,1.0,0.87967914,295.0,276.17487,285.75824,305.31122,29.136353
0.0,0.0,0.0014006724,199.0,190.98401,222.53035,252.39748,61.413467
0.0,0.0,0.0025070487,232.0,204.51285,232.00594,257.84882,53.335968
1.0,1.0,0.54736996,283.0,262.1765,276.20612,290.3062,28.1297
0.0,0.0,0.3445025,277.0,258.97235,273.98053,287.6596,28.687256
1.0,1.0,0.9417999,302.0,280.11884,291.8841,318.02008,37.901245
1.0,1.0,0.9953851,313.0,288.2755,314.51453,356.7227,68.447174
0.0,0.0,0.0047316127,244.0,214.58664,238.91183,262.4027,47.81607
1.0,1.0,0.9460583,284.0,280.20764,291.85645,318.1481,37.94046
0.0,0.0,1.2975128e-05,139.0,146.62003,185.90262,223.88103,77.261
0.0,0.0,0.00019746911,187.0,174.18213,208.87584,241.12582,66.943695
0.0,0.0,0.00047701033,214.0,175.34671,212.88373,246.77988,71.43317
0.0,0.0,0.00034867023,213.0,179.43192,213.0405,245.33067,65.89876
0.0,0.0,0.00025412612,199.0,177.17712,211.49265,243.06451,65.88739
0.0,0.0,0.08891598,264.0,243.08983,263.04504,280.33862,37.248795
0.0,0.0,0.0014827776,229.0,193.64279,224.00676,254.06122,60.418427
0.0,0.0,0.00057025027,224.0,178.87766,213.58247,247.8836,69.00595
1.0,1.0,0.9978229,326.0,290.41412,321.55133,367.87973,77.46561
1.0,1.0,0.99634737,334.0,289.30396,316.69037,360.19504,70.89108
0.0,0.0,0.49584192,276.0,261.12103,275.307,290.67517,29.554138
0.0,0.0,0.33543333,250.0,242.84177,266.14456,286.2423,43.400543
1.0,1.0,0.83568436,288.0,274.29053,283.36005,299.9694,25.678864
0.0,0.0,0.00048033844,207.0,184.22133,217.06665,247.02444,62.803116
1.0,1.0,0.9763514,289.0,283.0489,298.52863,331.55084,48.501953
1.0,1.0,0.99273455,312.0,287.28107,311.02393,350.03522,62.75415
0.0,0.0,0.001400495,231.0,194.25418,224.7409,253.9021,59.64792
0.0,0.0,0.016602058,242.0,218.92365,245.48439,268.67783,49.75418
1.0,1.0,0.99784684,305.0,290.50146,321.56012,368.04343,77.54196
0.0,0.0,0.024118114,242.0,228.43283,250.84361,271.82608,43.39325
1.0,1.0,0.99875116,347.0,292.571,327.30197,375.34634,82.77533
0.0,0.0,8.0117185e-05,204.0,163.60132,199.48273,236.68233,73.08101
0.0,1.0,0.6538666,276.0,265.92853,278.10202,293.44174,27.513214
1.0,1.0,0.9205524,303.0,278.08072,288.9275,312.57172,34.490997
0.0,0.0,4.842682e-07,113.0,126.78057,165.47427,207.67941,80.89884
1.0,1.0,0.9722502,313.0,283.6311,298.79807,329.8117,46.180603
1.0,1.0,0.9971103,348.0,290.1408,319.21515,363.8199,73.67908
1.0,1.0,0.9967796,320.0,289.2931,317.98935,362.22705,72.93396
0.0,0.0,2.8406223e-05,167.0,155.94308,193.19208,229.42244,73.479355
0.0,0.0,0.00039428627,191.0,181.78268,217.33252,247.28397,65.50128
1.0,1.0,0.976448,294.0,283.89502,299.98315,332.6576,48.762573
0.0,0.0,0.0030558985,220.0,191.52704,225.78111,257.51215,65.98511
1.0,1.0,0.9549509,292.0,281.41412,293.4471,321.7411,40.326965
1.0,1.0,0.9896807,306.0,285.85663,307.1272,344.78354,58.92691
0.0,0.0,0.08073014,269.0,225.4925,254.68814,277.76556,52.27307
0.0,0.0,0.0026410236,215.0,193.54022,226.76947,256.62677,63.086548
0.0,0.0,0.28090608,277.0,249.71521,268.77472,286.4147,36.699493
0.0,0.0,1.5506806e-05,147.0,148.72873,190.01233,227.76962,79.04089
0.0,0.0,0.16268066,260.0,247.91406,266.52716,283.42737,35.513306
0.0,0.0,0.0019035492,219.0,204.61133,231.91307,257.06305,52.45172
0.0,0.0,0.102215745,267.0,237.17963,261.91364,280.08527,42.90564
0.0,0.0,0.00020279524,207.0,179.50537,212.78064,242.99344,63.488068
0.0,0.0,0.0019495423,235.0,205.63809,232.45776,257.19696,51.55887
1.0,1.0,0.7997049,290.0,269.54327,280.41855,297.0106,27.467316
1.0,1.0,0.9991381,331.0,293.28635,330.50702,381.26373,87.97739
1.0,1.0,0.9998945,355.0,299.9563,349.4107,408.66815,108.71185
1.0,0.0,0.17740394,279.0,241.03917,265.002,283.17636,42.13719
1.0,1.0,0.9939237,304.0,287.75043,312.20825,353.04395,65.29352
1.0,1.0,0.9951232,306.0,288.12018,313.99292,355.89597,67.77579
0.0,0.0,0.001395313,214.0,201.04745,229.18422,255.0009,53.953445
0.0,0.0,0.017065806,248.0,229.082,249.0447,269.89236,40.810364
0.0,0.0,3.265197e-05,164.0,152.08861,192.28944,230.13121,78.0426
0.0,0.0,0.06636155,260.0,228.56552,254.33545,275.92194,47.356415
0.0,0.0,0.00012687162,195.0,177.43063,211.145,241.0113,63.580673
0.0,0.0,6.33699e-05,190.0,170.05887,206.19324,237.16603,67.10716
1.0,1.0,0.99261475,339.0,288.08612,312.0642,351.50574,63.419617
0.0,0.0,0.12712656,264.0,240.85934,264.56482,281.6634,40.804047
1.0,1.0,0.8216349,284.0,271.4052,281.32684,297.077,25.671783
1.0,1.0,0.9944459,308.0,287.69586,312.90887,354.05008,66.35422
0.0,0.0,0.09641201,262.0,246.13652,264.1057,280.96973,34.833206
0.0,0.0,0.00081699924,209.0,198.73761,227.04536,252.51357,53.775955
0.0,0.0,0.079991765,229.0,206.76039,250.01128,274.07297,67.31258
1.0,1.0,0.9999255,361.0,300.9383,352.6224,412.35184,111.41354
0.0,0.0,4.4953667e-05,165.0,157.92355,195.97105,231.80154,73.87799
0.0,0.0,0.00024436534,215.0,175.91055,210.0166,243.57552,67.66496
1.0,1.0,0.6640802,280.0,267.32422,278.31354,292.92505,25.60083
0.0,0.0,0.010358523,244.0,218.55786,243.25996,266.36102,47.80316
0.0,0.0,0.00052742264,221.0,195.40598,225.1171,250.59985,55.19388
0.0,0.0,0.0077037644,245.0,221.18326,245.12279,266.08435,44.901093
0.0,0.0,0.008933538,241.0,207.77458,237.29503,264.10104,56.32646
0.0,0.0,0.0102900695,251.0,222.14426,244.59738,266.7655,44.621246
0.0,0.0,0.012105438,253.0,227.16953,249.3783,269.0515,41.88199
1.0,1.0,0.9997012,357.0,296.68283,340.1944,395.03348,98.35065
0.0,0.0,3.60934e-05,181.0,161.53036,197.82211,231.92911,70.39874
0.0,0.0,0.0018055186,242.0,211.18964,236.53275,258.55328,47.363647
1.0,1.0,0.7345549,291.0,268.06903,279.09732,294.12283,26.053802
0.0,0.0,0.05277824,255.0,228.95157,255.1465,275.4804,46.52884
1.0,1.0,0.9987029,337.0,292.392,326.8756,375.6712,83.279205
1.0,1.0,0.9033801,288.0,275.78262,290.1759,313.42023,37.637604
0.0,0.0,0.0001260943,189.0,176.33713,209.77406,240.16418,63.827057
0.0,0.0,0.00086517393,214.0,194.13716,224.39615,251.75511,57.61795
1.0,1.0,0.9964148,332.0,290.12726,318.11774,361.74094,71.61368
0.0,0.0,0.00029287848,194.0,176.27042,210.85883,243.07689,66.80647
1.0,1.0,0.99974936,367.0,297.57013,341.83548,397.34143,99.7713
1.0,1.0,0.9909623,312.0,286.43616,308.6761,346.8709,60.434753
0.0,0.0,1.6952183e-05,157.0,147.20892,187.57726,226.32343,79.1145
0.0,0.0,0.00035757452,198.0,170.74576,209.38892,244.52356,73.7778
0.0,0.0,7.163223e-05,180.0,161.67357,198.53537,234.78235,73.10878
0.0,0.0,0.0003980089,204.0,179.9878,213.86414,245.20337,65.215576
1.0,1.0,0.99232835,308.0,287.362,310.55377,349.36768,62.005676
0.0,0.0,0.23342757,268.0,254.66714,269.01532,285.0536,30.386444
1.0,1.0,0.9997595,339.0,296.90067,341.7896,398.1661,101.26544
1.0,1.0,0.9947018,334.0,287.82083,313.70685,354.65015,66.829315
0.0,0.0,0.022508182,259.0,220.65146,246.15845,270.32043,49.668976
0.0,0.0,0.025472634,232.0,223.23703,246.74095,270.37036,47.13333
1.0,1.0,0.99055743,318.0,286.47565,308.31958,346.4259,59.950256
0.0,0.0,0.34590808,265.0,249.44179,267.8764,286.77814,37.33635
0.0,0.0,0.0010114199,221.0,182.69717,218.96442,251.50685,68.80968
0.0,0.0,0.33122084,273.0,249.65085,269.3565,287.80566,38.154816
0.0,0.0,4.3527703e-05,176.0,160.67596,197.47116,232.64424,71.96828
0.0,0.0,5.4247605e-05,200.0,163.37794,199.80713,235.35286,71.974915
0.0,0.0,0.0050814105,235.0,215.77997,239.8505,263.0974,47.317444
0.0,0.0,0.00013521113,176.0,162.66104,202.21686,238.5748,75.91376
0.0,0.0,0.08852568,225.0,208.86769,250.90714,274.8282,65.960495
0.0,0.0,8.93472e-05,179.0,165.65149,201.37898,236.48775,70.83626
0.0,0.0,0.00043228973,212.0,185.10571,217.33487,246.94592,61.84021
0.0,0.0,0.018910926,260.0,214.83836,243.93802,269.4829,54.644547
0.0,0.0,0.04188307,264.0,220.48232,250.23654,274.10355,53.62123
0.0,0.0,0.0003991368,216.0,174.7061,212.02393,245.78233,71.07623
0.0,0.0,0.389054,264.0,258.28125,274.44394,289.13574,30.854492
0.0,0.0,0.0002670071,196.0,179.95393,213.86618,244.3695,64.41557
0.0,0.0,0.003957771,254.0,203.2341,231.9872,260.3214,57.08731
1.0,1.0,0.98956794,305.0,286.53412,307.65894,344.66693,58.132812
0.0,0.0,0.004179629,221.0,194.90082,228.68831,259.29977,64.39896
0.0,0.0,0.13816199,268.0,249.94948,264.81177,280.82074,30.871262
0.0,0.0,0.00079649955,198.0,176.26855,214.10367,249.01271,72.744156
0.0,0.0,9.738982e-05,190.0,169.68228,204.67601,238.30434,68.622055
1.0,1.0,0.9869524,317.0,286.88776,308.90274,346.54327,59.655518
0.0,0.0,0.0001260943,189.0,176.33713,209.77406,240.16418,63.827057
1.0,1.0,0.98049647,301.0,284.39532,301.56995,335.03314,50.637817
0.0,0.0,0.009370344,244.0,211.59137,238.16032,265.17194,53.580566
0.0,0.0,0.00015023483,195.0,174.01846,208.23671,240.12007,66.10161
1.0,1.0,0.9744993,315.0,283.8765,300.14148,332.2431,48.366608
1.0,1.0,0.96100867,305.0,282.35065,298.14392,329.19482,46.844177
0.0,0.0,0.00097482227,233.0,189.78354,221.38556,252.27261,62.489075
1.0,1.0,0.9724228,300.0,283.96033,301.11023,333.85956,49.89923
0.0,0.0,0.0001568311,194.0,169.85844,205.81488,239.3588,69.50035
0.0,0.0,5.3532865e-05,190.0,169.62057,206.28406,236.92503,67.30446
0.0,0.0,0.064904615,258.0,242.23695,259.22778,276.68054,34.44359
0.0,0.0,0.104180545,270.0,220.59964,254.63693,277.43918,56.83954
0.0,0.0,0.0087989485,254.0,225.99185,246.36493,266.9784,40.98654
0.0,0.0,0.17089155,275.0,248.07799,267.46808,284.0288,35.95082
0.0,0.0,0.00069414004,223.0,184.53363,217.08167,249.13234,64.59871
0.0,0.0,0.0039086365,240.0,215.86636,240.60419,262.40582,46.53946
0.0,0.0,0.00022233343,180.0,169.0653,206.22864,240.66736,71.60205
1.0,1.0,0.9999968,414.0,309.09506,379.32004,445.7644,136.66934
0.0,0.0,0.00082844455,214.0,186.40674,219.05887,249.34314,62.9364
0.0,0.0,0.002879135,223.0,193.11218,226.83842,257.00482,63.89264
0.0,0.0,0.30476147,269.0,238.85855,265.1502,286.19336,47.33481
1.0,1.0,0.99957055,354.0,296.3484,337.9826,391.6747,95.326324
0.0,0.0,0.0022417563,214.0,198.47621,228.36534,256.2549,57.7787
0.0,0.0,0.0006375156,207.0,190.01208,221.16495,249.74065,59.72856
0.0,0.0,0.045553017,265.0,238.73659,259.3275,276.67032,37.93373
1.0,1.0,0.9944066,308.0,287.63696,312.73157,354.27643,66.639465
0.0,0.0,0.18884988,275.0,248.63469,267.94464,284.20255,35.567856
0.0,0.0,0.33233216,273.0,254.99982,270.26242,287.00006,32.000244
1.0,1.0,0.88035905,300.0,272.34003,288.66156,310.71786,38.37784
0.0,0.0,0.0026930214,229.0,210.89742,236.15343,259.68646,48.789047
1.0,1.0,0.9697539,328.0,284.5697,302.33063,335.10632,50.53662
0.0,0.0,0.004804556,208.0,204.78438,234.16232,260.84814,56.063766
1.0,1.0,0.72191733,279.0,266.68466,278.63617,294.93066,28.246002
1.0,1.0,0.97216314,297.0,283.4914,298.2588,329.605,46.113617
0.0,0.0,0.00019922244,214.0,169.8022,205.0716,241.93744,72.13524
1.0,1.0,0.85588974,290.0,275.18683,284.51233,302.64923,27.462402
1.0,1.0,0.97724664,298.0,283.54773,299.74173,332.45578,48.90805
0.0,0.0,0.0055643707,246.0,210.97543,236.88182,262.22412,51.248688
0.0,0.0,0.00019265778,198.0,174.82924,209.21678,241.2866,66.45737
1.0,1.0,0.99271977,311.0,286.9729,310.48755,350.16473,63.191833
0.0,0.0,0.0023633004,237.0,211.25247,236.70773,259.38904,48.136566
0.0,0.0,0.0012161569,239.0,202.46765,229.5085,254.73047,52.262817
1.0,1.0,0.9999422,368.0,301.06998,354.84488,415.61768,114.5477
0.0,0.0,0.28868777,276.0,250.95789,269.60376,286.69907,35.74118
0.0,0.0,0.020281838,247.0,220.85901,246.96921,269.71747,48.85846
0.0,0.0,0.0057206945,245.0,209.8988,236.4406,262.60468,52.70587
0.0,0.0,0.09174491,234.0,209.75912,251.55322,275.1422,65.38309
0.0,0.0,0.00029492253,207.0,172.54193,209.02988,242.86632,70.32439
1.0,1.0,0.9966869,353.0,289.45892,318.48425,362.0478,72.58887
1.0,1.0,0.99198496,307.0,286.8362,309.56146,348.82523,61.989014
1.0,1.0,0.9999982,432.0,311.19333,385.2304,451.53955,140.34622
0.0,0.0,0.0027201637,237.0,202.45334,230.5097,257.61072,55.15738
0.0,0.0,0.00044988332,208.0,191.93747,221.93985,248.78957,56.852097
0.0,0.0,0.00064137724,235.0,185.3692,217.83896,249.69809,64.32889
1.0,0.0,0.41266704,288.0,252.21992,270.28278,289.29187,37.071945
0.0,0.0,0.000331344,217.0,172.08762,207.20052,243.43759,71.349976
0.0,0.0,0.012473419,242.0,226.45914,249.25131,269.04626,42.587128
0.0,0.0,0.0029787873,238.0,203.93034,231.86484,258.65857,54.728226
0.0,0.0,0.00039701,189.0,178.95447,213.84341,245.48479,66.53032
1.0,1.0,0.8718379,283.0,273.89203,284.15485,303.53265,29.640625
0.0,0.0,0.0006139097,188.0,183.7289,217.53394,248.18427,64.45537
1.0,1.0,0.9998299,355.0,298.0567,345.61078,402.99442,104.93771
0.0,0.0,0.003147749,225.0,203.38104,232.99098,259.62442,56.243378
1.0,1.0,0.91532797,294.0,277.50922,289.59888,312.81525,35.30603
0.0,0.0,0.06426549,258.0,241.92952,259.0258,276.6189,34.689377
0.0,0.0,2.222023e-07,110.0,128.59377,167.04279,205.39447,76.800705
0.0,0.0,0.0005620686,206.0,192.2457,223.01468,249.96068,57.71498
1.0,1.0,0.9668825,315.0,282.58606,297.0499,327.55566,44.969604
0.0,0.0,0.08382763,222.0,207.71603,250.50177,274.39755,66.68152
0.0,1.0,0.59060276,272.0,259.28403,275.5246,291.04553,31.761505
0.0,0.0,0.12568048,223.0,216.80833,254.11569,277.34113,60.53279
1.0,1.0,0.9956896,329.0,288.9241,316.14755,357.90384,68.97974
0.0,0.0,0.04592923,246.0,224.98564,250.15465,274.4914,49.505753
0.0,0.0,0.003345504,237.0,211.71884,237.1474,260.76825,49.049408
0.0,0.0,0.0005271942,210.0,187.36177,219.77667,248.82927,61.4675
1.0,1.0,0.83964014,294.0,273.82428,283.80835,301.3638,27.53952
1.0,1.0,0.99916947,322.0,293.83,331.14502,381.9064,88.076416
0.0,0.0,0.0004170062,197.0,173.97057,211.58957,245.37871,71.40814
1.0,1.0,0.99940753,357.0,294.55054,334.0423,385.9192,91.36865
1.0,1.0,0.97267747,313.0,283.44348,299.4356,330.16147,46.717987
1.0,1.0,0.99998105,400.0,305.14478,364.36295,427.68576,122.540985
0.0,0.0,0.0020739636,219.0,196.90155,228.63411,256.5417,59.640137
0.0,0.0,0.07904405,257.0,240.53886,259.53564,278.7776,38.238724
0.0,0.0,0.004197848,230.0,214.18729,239.09483,262.07062,47.88333
0.0,0.0,0.18884988,275.0,248.63469,267.94464,284.20255,35.567856
1.0,1.0,0.9885014,323.0,286.16656,306.53192,343.29227,57.1257
0.0,0.0,4.250202e-06,135.0,139.62878,180.41606,220.28342,80.65463
0.0,0.0,0.00011632439,200.0,171.15149,206.39005,238.89786,67.74637
0.0,0.0,0.0010433845,211.0,200.04765,229.37447,254.2046,54.15695
1.0,1.0,0.99911267,350.0,295.30048,334.593,386.36786,91.06738
1.0,1.0,0.99873644,327.0,292.32617,327.00323,375.73294,83.40677
1.0,1.0,0.9968015,323.0,289.47827,318.1936,362.4153,72.93704
0.0,0.0,0.19120874,254.0,247.4069,263.6716,282.6386,35.231705
0.0,0.0,0.0005955668,207.0,189.36942,222.78522,250.53905,61.169632
1.0,0.0,0.4751191,279.0,263.4428,275.60086,290.67322,27.230408
0.0,0.0,0.0105733825,249.0,225.39996,248.25949,268.1627,42.762726
0.0,0.0,0.17008741,259.0,243.71387,262.89575,282.59647,38.8826
1.0,1.0,0.972226,289.0,282.75543,297.36652,329.2852,46.529755
0.0,0.0,0.00015739919,182.0,165.31783,203.05496,238.32895,73.01112
0.0,0.0,0.0019105194,237.0,209.26059,234.39337,258.13892,48.878326
0.0,0.0,0.12391167,267.0,249.43584,264.4643,280.20773,30.771896
0.0,0.0,0.004576507,235.0,214.96121,239.1987,262.51904,47.55783
0.0,0.0,7.7685014e-05,184.0,164.25104,199.9466,236.16202,71.91098
0.0,0.0,0.017139446,251.0,227.41576,248.3886,269.67062,42.254868
0.0,0.0,0.20682482,267.0,243.5255,264.5838,283.86218,40.336685
0.0,0.0,0.00022422645,195.0,175.62778,210.15443,242.16512,66.53734
1.0,1.0,0.99949443,348.0,295.11655,335.17383,387.78104,92.66449
1.0,1.0,0.66489786,278.0,264.37213,278.08517,292.26642,27.894287
0.0,0.0,0.0016982654,238.0,209.84216,235.53156,258.0071,48.164948
0.0,0.0,0.00020115142,193.0,170.6924,205.68509,240.93408,70.241684
1.0,1.0,0.99998593,419.0,305.31543,367.78555,431.7197,126.40427
1.0,1.0,0.9954407,325.0,289.5405,317.9759,361.63205,72.09155
1.0,1.0,0.9983505,336.0,291.3973,324.43427,372.0026,80.605286
0.0,0.0,8.707299e-05,207.0,165.65982,201.32936,237.562,71.902176
0.0,0.0,0.00017654925,183.0,169.54633,206.0179,239.73306,70.18674
0.0,0.0,0.062430535,265.0,235.677,258.76337,277.76715,42.09015
0.0,0.0,0.0022915765,236.0,193.02185,225.76164,255.97702,62.95517
0.0,0.0,0.00049756863,200.0,169.90811,208.7809,245.2936,75.38548
0.0,0.0,2.8406223e-05,167.0,155.94308,193.19208,229.42244,73.479355
1.0,1.0,0.97678065,314.0,283.34375,299.847,331.99664,48.652893
0.0,0.0,0.10791356,249.0,213.2205,253.4163,276.5208,63.30031
0.0,0.0,1.1070677e-05,149.0,142.06918,181.93942,222.4732,80.40402
1.0,1.0,0.980113,304.0,284.02893,301.36737,334.66406,50.63513
1.0,1.0,0.9902801,299.0,286.26608,307.76178,345.9088,59.64273
0.0,0.0,0.0028983166,243.0,195.37671,226.0705,257.48187,62.105164
0.0,1.0,0.59060276,272.0,259.28403,275.5246,291.04553,31.761505
1.0,1.0,0.9790359,317.0,283.9641,300.83478,334.23328,50.269165
0.0,0.0,0.07225411,256.0,233.28452,255.02614,277.0907,43.806183
1.0,1.0,0.80411214,291.0,272.06918,281.64484,297.00427,24.93509
1.0,1.0,0.9877423,306.0,286.77008,309.0915,347.0489,60.27881
0.0,0.0,0.00021522216,186.0,169.99652,207.92587,241.96434,71.96782
1.0,1.0,0.9999238,388.0,301.12253,353.46268,413.3335,112.21097
1.0,1.0,0.7444478,288.0,268.95688,279.7733,294.1781,25.221222
0.0,0.0,0.011048966,228.0,214.04994,241.60736,266.77603,52.72609
0.0,0.0,0.12107629,243.0,234.33394,256.11633,278.26865,43.934708
0.0,0.0,1.2161646e-05,180.0,151.41138,189.25752,227.11745,75.70607
1.0,1.0,0.98493946,324.0,285.0282,304.3296,339.24484,54.216644
1.0,1.0,0.9951912,307.0,288.11914,314.0409,356.13965,68.02051
1.0,1.0,0.98141986,292.0,284.33154,301.6844,335.8997,51.568146
0.0,0.0,9.560901e-05,181.0,169.47256,206.02298,238.32587,68.8533
0.0,0.0,0.00019746911,187.0,174.18213,208.87584,241.12582,66.943695
0.0,0.0,0.23696922,270.0,248.793,268.97797,285.80737,37.014374
0.0,0.0,0.0019846607,235.0,211.19867,236.63194,258.87766,47.678986
1.0,1.0,0.99704367,302.0,289.59558,318.7022,363.49142,73.89584
0.0,0.0,4.4953667e-05,161.0,157.92355,195.97105,231.80154,73.87799
0.0,0.0,0.0007041566,238.0,185.57002,218.21362,250.19951,64.629486
0.0,0.0,0.32480097,272.0,240.12852,266.2135,286.53082,46.402298
0.0,0.0,0.0008158603,239.0,202.47314,229.62276,253.56139,51.08824
0.0,0.0,0.0098834345,251.0,213.41916,239.88922,265.81213,52.392975
0.0,0.0,0.00034993098,198.0,178.28,211.79272,244.64386,66.36386
0.0,0.0,0.0010469077,232.0,190.23914,221.63583,252.5109,62.27176
1.0,1.0,0.9831487,302.0,285.09314,303.70212,337.486,52.392853
0.0,0.0,0.0014092219,228.0,193.79922,224.39085,253.76761,59.968384
0.0,0.0,0.00032802837,211.0,178.33589,211.88855,244.94695,66.61105
0.0,0.0,9.679164e-05,194.0,172.07967,207.48138,238.71707,66.637405
1.0,1.0,0.9391872,295.0,278.9864,293.67303,321.4001,42.413696
1.0,1.0,0.9730715,315.0,283.22955,298.54956,329.7341,46.504547
1.0,1.0,0.99385345,315.0,287.74738,312.4934,352.4814,64.73404
1.0,1.0,0.8150276,286.0,270.1454,282.61957,298.71118,28.565796
0.0,0.0,0.00037404016,206.0,191.14769,221.2155,247.91298,56.76529
1.0,1.0,0.8281664,288.0,273.9237,282.9231,299.19937,25.275665
1.0,1.0,0.9863114,302.0,284.92657,304.3463,340.6776,55.751038
0.0,0.0,6.853976e-05,179.0,162.39227,198.86864,235.00685,72.61458
1.0,1.0,0.9830741,305.0,284.67743,303.0326,337.3844,52.70697
0.0,0.0,0.0001327801,178.0,163.16736,202.58965,238.6787,75.51134
1.0,1.0,0.9221754,280.0,277.2672,291.58273,317.18787,39.920654
1.0,1.0,0.80608493,292.0,272.55133,281.99435,297.44635,24.89502
0.0,0.0,0.008835801,251.0,219.6482,243.00188,265.7112,46.06302
1.0,1.0,0.9863192,322.0,285.13745,304.7732,340.30872,55.171265
0.0,0.0,2.0056554e-05,168.0,146.91754,187.7377,227.63298,80.71544
1.0,1.0,0.99999774,413.0,313.12674,386.54633,452.53403,139.40729
1.0,1.0,0.995424,306.0,288.17963,314.4579,356.75952,68.579895
0.0,0.0,0.0011345202,193.0,180.24194,217.62015,251.48837,71.24643
0.0,0.0,0.00025502246,214.0,179.78209,213.0656,244.17421,64.39212
0.0,0.0,0.10936881,260.0,212.96591,253.51268,276.48718,63.52127
0.0,0.0,0.00030767825,200.0,178.82382,212.7073,243.86142,65.0376
0.0,0.0,8.93472e-05,183.0,165.65149,201.37898,236.48775,70.83626
1.0,1.0,0.93694395,304.0,279.75183,290.87592,316.38095,36.62912
0.0,0.0,3.4671364e-05,176.0,158.64891,195.64993,231.30594,72.65703
0.0,0.0,0.013059637,258.0,211.79385,241.04152,267.32318,55.529327
0.0,0.0,0.0013911547,222.0,187.07346,221.86661,252.97087,65.897415
0.0,0.0,0.15347421,259.0,245.07497,262.57605,282.16956,37.09459
0.0,0.0,8.93472e-05,179.0,165.65149,201.37898,236.48775,70.83626
0.0,0.0,0.42549503,272.0,253.56044,270.54205,289.2548,35.69435
0.0,0.0,0.070233256,255.0,235.1485,256.14203,277.4415,42.293
1.0,1.0,0.9827322,322.0,284.49164,302.83633,337.1289,52.637268
0.0,0.0,0.003015266,243.0,212.77408,237.39032,260.59082,47.816742
0.0,0.0,0.00014741265,207.0,168.36809,203.4151,239.91763,71.549545
1.0,1.0,0.9818347,310.0,284.2957,302.17273,334.52795,50.23227
0.0,0.0,0.24260412,271.0,251.86699,270.2012,285.57672,33.709732
0.0,0.0,0.49584192,276.0,261.12103,275.307,290.67517,29.554138
1.0,1.0,0.9653986,302.0,282.36682,296.08527,326.16718,43.800354
1.0,1.0,0.99239653,300.0,286.9289,310.03442,349.37836,62.449463
1.0,1.0,0.9823376,308.0,284.6911,302.57977,336.4874,51.796295
0.0,0.0,0.013224837,258.0,216.25873,242.19975,267.46973,51.211
0.0,0.0,0.07097458,255.0,241.11058,258.16254,276.67862,35.56804
1.0,1.0,0.99995506,388.0,302.6738,357.05396,418.21188,115.538086
0.0,0.0,0.0003658609,204.0,177.3599,211.1062,244.70741,67.34752
0.0,0.0,4.868463e-05,182.0,159.63782,195.9468,233.33058,73.692764
0.0,0.0,0.0102900695,246.0,222.14426,244.59738,266.7655,44.621246
1.0,1.0,0.6441009,289.0,265.05133,278.0697,291.5073,26.455963
0.0,0.0,0.05382248,259.0,230.35071,252.45378,275.42963,45.07892
0.0,0.0,0.0026523252,221.0,198.45886,228.15785,256.47162,58.012756
0.0,0.0,0.0040630116,241.0,216.90916,241.19705,262.6422,45.733047
1.0,1.0,0.86607426,283.0,273.20236,282.49762,302.20892,29.006561
0.0,0.0,0.00027461015,192.0,177.47723,211.53464,242.99596,65.51872
0.0,0.0,0.0007628273,238.0,186.79895,218.92415,250.70363,63.90468
1.0,1.0,0.77816415,278.0,268.8141,280.37592,296.4516,27.637512
1.0,1.0,0.8150276,286.0,270.1454,282.61957,298.71118,28.565796
0.0,0.0,0.000214239,186.0,166.77533,204.79784,240.08159,73.30626
1.0,1.0,0.99917245,355.0,293.66748,330.5488,381.40155,87.73407
0.0,0.0,0.0012287713,216.0,187.1245,220.7987,251.50417,64.37967
0.0,0.0,0.00022718021,207.0,171.53354,206.32462,241.8629,70.32936
0.0,0.0,0.0007561759,218.0,180.4707,216.97675,249.78412,69.313416
0.0,0.0,0.008835801,251.0,219.6482,243.00188,265.7112,46.06302
0.0,1.0,0.5400242,274.0,260.9236,275.87622,291.44107,30.517456
1.0,1.0,0.9808631,312.0,283.9723,301.63544,334.99408,51.02179
1.0,1.0,0.9996505,334.0,296.21808,339.08612,393.60968,97.3916
0.0,0.0,0.0023702371,241.0,209.97281,235.4036,259.13855,49.16574
1.0,1.0,0.9945194,310.0,288.06732,313.54242,354.27316,66.20584
1.0,1.0,0.9932319,334.0,287.34918,311.67816,351.53033,64.18115
1.0,1.0,0.9929838,317.0,287.97968,311.98645,351.61557,63.635895
0.0,0.0,0.0008431732,222.0,186.6618,219.00763,250.36835,63.706543
0.0,0.0,0.00019430948,200.0,169.35207,207.13599,241.54527,72.19321
0.0,0.0,0.0027599325,235.0,197.76845,227.4017,257.16458,59.396133
0.0,0.0,0.1795763,261.0,250.73016,265.70844,282.2401,31.509949
0.0,0.0,0.13507093,256.0,246.53265,264.84308,282.51904,35.98639
0.0,0.0,0.00013516807,182.0,168.16486,204.24356,238.13031,69.965454
0.0,0.0,0.0029928158,226.0,206.55864,233.54791,258.89954,52.340897
1.0,1.0,0.720658,284.0,264.4383,277.90082,293.61688,29.178589
1.0,1.0,0.9863114,302.0,284.92657,304.3463,340.6776,55.751038
0.0,0.0,0.00015634525,190.0,171.09848,206.77391,239.91582,68.81734
1.0,1.0,0.9924523,323.0,288.1647,313.3159,354.24005,66.07535
1.0,1.0,0.99984527,366.0,298.6761,346.19672,403.50024,104.82416
0.0,0.0,0.00023421465,186.0,174.95288,209.668,242.01424,67.061356
0.0,0.0,0.0005830995,220.0,197.71237,226.34451,251.2922,53.579834
0.0,0.0,0.002873976,218.0,205.10751,233.34163,258.91086,53.803345
0.0,0.0,0.00018786243,188.0,173.25723,208.19373,240.7256,67.46837
0.0,0.0,0.00064192794,189.0,175.79126,214.03833,248.6118,72.82054
0.0,0.0,0.014000698,249.0,222.88863,245.6002,267.71454,44.825912
0.0,0.0,0.0008482747,225.0,186.0264,218.3129,250.19035,64.163956
0.0,0.0,0.00021745275,197.0,167.15833,205.93951,241.32297,74.16464
0.0,0.0,1.2194304e-05,152.0,154.35672,192.34335,227.21472,72.858
0.0,0.0,6.5139386e-05,177.0,162.35034,199.08769,234.4518,72.101456
0.0,0.0,0.00019415372,186.0,172.79254,207.96387,240.8034,68.010864
0.0,0.0,4.6484995e-05,185.0,169.19142,205.16437,236.14471,66.95329
0.0,0.0,0.00043477965,208.0,192.46326,222.2461,248.77467,56.311417
0.0,0.0,0.0012682786,217.0,201.42798,229.73296,254.91452,53.48654
1.0,1.0,0.81195164,285.0,269.9569,282.40002,299.24384,29.286926
0.0,0.0,0.0006303531,210.0,189.32025,221.23369,249.9126,60.592346
1.0,1.0,0.99908066,342.0,293.28003,329.86316,380.27396,86.99393
0.0,0.0,4.5908502e-05,184.0,159.30629,195.74307,232.94427,73.637985
0.0,0.0,0.0008099639,191.0,178.23183,215.87927,249.59596,71.364136
0.0,0.0,0.0014824315,219.0,190.60388,221.80919,252.89703,62.29315
0.0,0.0,0.020782664,252.0,225.81705,249.23604,270.80237,44.98532
0.0,0.0,0.0069457353,233.0,216.2746,240.70389,264.26385,47.989258
0.0,0.0,1.2754882e-05,166.0,156.94783,194.4225,227.7819,70.834076
0.0,0.0,0.00736994,218.0,201.49268,233.79817,263.3817,61.889038
0.0,0.0,0.0004346893,224.0,175.57242,210.02771,245.4137,69.84128
0.0,0.0,0.00077870203,231.0,199.98053,227.5846,252.65524,52.674713
1.0,1.0,0.9907404,317.0,286.40762,308.4469,346.307,59.899384
0.0,0.0,0.0068714498,242.0,213.65436,239.15253,263.29645,49.64209
0.0,0.0,2.0196783e-05,168.0,153.60533,190.78702,228.42741,74.82208
0.0,0.0,0.0016767405,237.0,192.95157,223.59518,254.75285,61.801285
1.0,1.0,0.7233721,286.0,268.02222,279.21246,293.5503,25.528076
0.0,0.0,0.0003093961,196.0,181.87025,215.15979,245.34299,63.472733
0.0,0.0,0.10233038,266.0,247.54819,263.1741,279.2026,31.654419
1.0,1.0,0.99972767,332.0,297.0452,340.9804,396.65738,99.61218
0.0,0.0,0.0011065439,218.0,185.87857,219.93677,250.94931,65.07074
0.0,0.0,0.0032876998,239.0,215.35413,238.77458,261.39188,46.03775
0.0,0.0,0.015597663,235.0,227.115,248.03127,269.02264,41.90764
0.0,0.0,2.23126e-05,171.0,161.77975,198.51245,231.08897,69.30922
0.0,0.0,0.0002769307,198.0,168.97452,207.7897,243.05829,74.08377
0.0,0.0,0.00022992636,193.0,174.42862,209.09937,242.38936,67.96074
0.0,0.0,0.0009255123,219.0,198.27133,227.05898,252.90723,54.635895
0.0,0.0,0.00042488278,209.0,184.79614,217.11362,247.1921,62.39595
0.0,1.0,0.5400242,274.0,260.9236,275.87622,291.44107,30.517456
1.0,1.0,0.99880755,334.0,293.4391,331.13193,381.36624,87.927155
1.0,1.0,0.8293536,292.0,273.4378,282.63055,298.90866,25.470856
1.0,0.0,0.2266712,283.0,234.41518,263.0025,283.57516,49.15999
0.0,0.0,0.008851073,244.0,206.07907,233.83363,262.49384,56.414764
0.0,0.0,0.045382213,252.0,223.74883,252.4555,274.14026,50.391434
0.0,1.0,0.8746252,275.0,274.25464,288.49442,308.9834,34.72876
1.0,1.0,0.859262,296.0,270.89752,287.32407,307.71454,36.817017
0.0,0.0,6.720482e-05,171.0,161.26239,199.07358,234.28171,73.01932
0.0,0.0,0.00044337398,206.0,181.3424,214.91943,246.0901,64.747696
1.0,1.0,0.6058486,278.0,260.0705,277.0767,292.22656,32.156067
0.0,0.0,0.00040803128,225.0,179.55249,213.04333,246.61841,67.06592
0.0,0.0,0.016026154,229.0,210.24298,240.23706,267.65643,57.413452
0.0,0.0,0.4089435,277.0,256.619,272.0052,289.12823,32.509247
0.0,0.0,2.0582396e-05,196.0,153.92276,191.1507,229.79993,75.87717
0.0,0.0,0.0021186066,235.0,209.32999,235.44672,258.67657,49.34659
0.0,0.0,8.93472e-05,183.0,165.65149,201.37898,236.48775,70.83626
0.0,0.0,3.4171306e-05,168.0,157.85593,194.61371,231.08095,73.22502
1.0,1.0,0.9384823,294.0,279.86642,290.82562,316.65845,36.792023
1.0,1.0,0.9951912,307.0,288.11914,314.0409,356.13965,68.02051
0.0,0.0,0.033273917,253.0,218.39386,247.17976,271.66962,53.275757
0.0,0.0,0.00014046177,184.0,173.30618,208.99747,240.55455,67.24837
1.0,1.0,0.9660303,303.0,282.32007,296.45685,326.20813,43.88806
1.0,1.0,0.9830741,305.0,284.67743,303.0326,337.3844,52.70697
1.0,1.0,0.999803,362.0,297.96466,343.7594,400.1397,102.17505
0.0,0.0,0.0022438532,237.0,197.81152,227.50279,257.00397,59.192444
0.0,0.0,0.009270001,248.0,224.87918,247.26645,267.48727,42.608093
0.0,0.0,7.56815e-05,175.0,162.48047,199.65314,234.93066,72.450195
1.0,1.0,0.9869081,321.0,285.6452,305.09607,341.23108,55.585876
0.0,0.0,0.26914516,274.0,236.02151,263.40027,284.31604,48.294525
0.0,0.0,0.011654247,241.0,209.54608,238.31071,265.79364,56.24756
0.0,0.0,6.499234e-05,197.0,165.57468,201.47852,236.01129,70.436615
1.0,1.0,0.9943403,315.0,287.9237,313.25888,353.5689,65.6452
0.0,0.0,0.08076633,269.0,242.74797,262.91498,279.89368,37.145706
0.0,0.0,0.00012723713,173.0,163.30475,202.1033,237.8135,74.50876
0.0,0.0,0.00013637726,172.0,161.19548,201.19882,238.39726,77.20178
0.0,0.0,0.00017304825,215.0,185.80727,217.67291,244.4935,58.686234
1.0,1.0,0.64541733,293.0,260.508,276.64178,292.21304,31.705048
1.0,1.0,0.99963284,332.0,295.95874,338.0712,392.52502,96.566284
0.0,0.0,0.00091640756,215.0,193.68988,223.66953,251.5465,57.856613
1.0,1.0,0.94835484,289.0,280.93915,292.28152,319.27554,38.336395
1.0,1.0,0.9929838,317.0,287.97968,311.98645,351.61557,63.635895
0.0,0.0,3.9213694e-05,193.0,159.19745,195.7199,233.00917,73.81172
0.0,0.0,0.0005081318,191.0,171.78607,210.40228,246.2566,74.470535
0.0,0.0,0.15176195,272.0,234.07762,260.78622,282.08044,48.002823
0.0,0.0,0.00027005732,211.0,188.53134,219.95682,246.68346,58.152115
0.0,0.0,0.0044021793,210.0,194.97415,229.19254,259.8741,64.89996
1.0,1.0,0.8873425,300.0,274.56232,284.75012,305.69513,31.132812
1.0,1.0,0.6053852,278.0,262.06165,276.91437,291.28006,29.218414
0.0,0.0,0.00017548018,194.0,172.67447,207.69379,240.67369,67.99922
0.0,0.0,0.29432634,275.0,250.18513,269.16873,286.55664,36.371506
0.0,0.0,0.028402315,253.0,234.51294,255.50923,273.761,39.248047
1.0,1.0,0.859262,285.0,270.89752,287.32407,307.71454,36.817017
1.0,1.0,0.9999769,397.0,304.6209,362.73737,425.60297,120.982056
0.0,0.0,4.964125e-05,180.0,154.67484,191.75903,231.52142,76.84659
0.0,0.0,7.9180616e-05,182.0,165.6073,201.44478,236.15865,70.551346
0.0,0.0,0.003731224,238.0,203.80615,231.8953,259.56137,55.75522
0.0,0.0,0.0007240184,235.0,183.68124,216.82527,250.17233,66.49109
0.0,0.0,0.08626424,230.0,208.69983,251.0416,274.92078,66.22095
1.0,1.0,0.9933073,329.0,287.1639,311.86755,351.49347,64.32956
0.0,0.0,0.00025532633,204.0,170.65004,208.61972,243.05153,72.40149
0.0,0.0,4.1533633e-05,175.0,154.49252,191.67581,230.80554,76.31302
1.0,1.0,0.9951232,306.0,288.12018,313.99292,355.89597,67.77579
1.0,1.0,0.81680155,285.0,269.8807,283.15228,300.29776,30.417053
0.0,0.0,0.0006654439,223.0,188.16104,219.90451,249.3531,61.192062
0.0,0.0,0.012848856,248.0,227.3832,249.38507,269.23834,41.85515
0.0,0.0,8.540512e-05,184.0,164.44046,200.72606,236.01273,71.572266
0.0,0.0,0.010298299,254.0,224.99144,246.02937,267.21454,42.2231
1.0,1.0,0.99699557,337.0,289.50998,319.16217,363.2759,73.76593
0.0,0.0,0.1387126,273.0,234.78902,259.59766,282.03015,47.241135
0.0,0.0,9.8838944e-05,205.0,166.45065,202.25198,238.3357,71.88504
0.0,0.0,0.00012746992,181.0,168.99315,204.67203,238.13701,69.14386
0.0,0.0,5.1551733e-06,131.0,141.42249,179.79836,219.1818,77.75931
1.0,1.0,0.9986331,347.0,292.21466,326.39285,374.98343,82.76877
